CUEST;mes
0001;11
0002;11
0003;11
0004;11
0005;11
0006;11
0007;11
0008;11
0009;11
0010;11
0011;11
0012;11
0013;11
0014;11
0015;11
0016;11
0017;11
0018;11
0019;11
0020;11
0021;11
0022;11
0023;11
0024;11
0025;11
0026;11
0027;11
0028;11
0029;11
0030;11
0031;11
0032;11
0033;11
0034;11
0035;11
0036;10
0037;10
0038;10
0039;10
0040;10
0041;10
0042;10
0043;10
0044;11
0045;10
0046;10
0047;11
0048;10
0049;10
0050;10
0051;10
0052;10
0053;10
0054;10
0055;10
0056;10
0057;10
0058;10
0059;10
0060;11
0061;10
0062;11
0063;11
0064;10
0065;10
0066;10
0067;10
0068;10
0069;10
0070;10
0071;10
0072;10
0073;10
0074;10
0075;10
0076;10
0077;10
0078;10
0079;10
0080;11
0081;10
0082;10
0083;10
0084;10
0085;10
0086;10
0087;10
0088;10
0089;10
0090;10
0091;10
0092;10
0093;10
0094;10
0095;10
0096;10
0097;10
0098;10
0099;10
0100;10
0101;10
0102;10
0103;10
0104;10
0105;11
0106;10
0107;10
0108;10
0109;10
0110;10
0111;11
0112;10
0113;10
0114;11
0115;10
0116;11
0117;10
0118;10
0119;10
0120;10
0121;11
0122;10
0123;10
0124;10
0125;10
0126;10
0127;10
0128;10
0129;10
0130;10
0131;10
0132;11
0133;10
0134;10
0135;10
0136;11
0137;10
0138;10
0139;10
0140;10
0141;10
0142;11
0143;10
0144;10
0145;10
0146;10
0147;10
0148;10
0149;10
0150;10
0151;10
0152;10
0153;10
0154;10
0155;10
0156;10
0157;11
0158;10
0159;10
0160;10
0161;10
0162;10
0163;10
0164;10
0165;10
0166;10
0167;10
0168;10
0169;10
0170;11
0171;10
0172;10
0173;10
0174;10
0175;10
0176;10
0177;10
0178;10
0179;10
0180;10
0181;10
0182;10
0183;10
0184;10
0185;10
0186;10
0187;10
0188;10
0189;10
0190;10
0191;10
0192;10
0193;10
0194;10
0195;10
0196;11
0197;10
0198;10
0199;11
0200;11
0201;10
0202;10
0203;11
0204;10
0205;10
0206;11
0207;10
0208;10
0209;10
0210;10
0211;10
0212;10
0213;10
0214;10
0215;10
0216;10
0217;10
0218;10
0219;10
0220;10
0221;10
0222;10
0223;10
0224;10
0225;10
0226;11
0227;11
0228;10
0229;10
0230;10
0231;10
0232;11
0233;10
0234;10
0235;10
0236;10
0237;10
0238;10
0239;10
0240;10
0241;10
0242;10
0243;10
0244;10
0245;10
0246;10
0247;10
0248;10
0249;10
0250;10
0251;10
0252;10
0253;10
0254;10
0255;10
0256;10
0257;10
0258;10
0259;10
0260;10
0261;10
0262;10
0263;10
0264;10
0265;11
0266;11
0267;11
0268;11
0269;11
0270;11
0271;11
0272;11
0273;11
0274;11
0275;11
0276;11
0277;11
0278;11
0279;11
0280;11
0281;11
0282;11
0283;11
0284;11
0285;11
0286;11
0287;11
0288;11
0289;11
0290;11
0291;10
0292;10
0293;10
0294;11
0295;11
0296;11
0297;11
0298;11
0299;11
0300;10
0301;11
0302;11
0303;11
0304;11
0305;11
0306;11
0307;10
0308;10
0309;10
0310;10
0311;11
0312;11
0313;11
0314;10
0315;10
0316;10
0317;11
0318;10
0319;11
0320;11
0321;11
0322;11
0323;11
0324;11
0325;11
0326;11
0327;11
0328;11
0329;11
0330;11
0331;11
0332;11
0333;11
0334;11
0335;11
0336;11
0337;11
0338;11
0339;11
0340;11
0341;11
0342;11
0343;11
0344;10
0345;10
0346;10
0347;10
0348;11
0349;10
0350;10
0351;10
0352;10
0353;10
0354;10
0355;10
0356;10
0357;10
0358;11
0359;10
0360;10
0361;10
0362;10
0363;10
0364;10
0365;10
0366;10
0367;10
0368;10
0369;10
0370;10
0371;10
0372;10
0373;10
0374;10
0375;10
0376;10
0377;10
0378;10
0379;10
0380;10
0381;10
0382;10
0383;10
0384;10
0385;10
0386;10
0387;10
0388;10
0389;10
0390;10
0391;10
0392;10
0393;10
0394;10
0395;10
0396;10
0397;10
0398;10
0399;11
0400;10
0401;10
0402;10
0403;11
0404;11
0405;10
0406;11
0407;11
0408;10
0409;11
0410;10
0411;10
0412;10
0413;10
0414;10
0415;10
0416;10
0417;10
0418;11
0419;11
0420;10
0421;10
0422;10
0423;10
0424;10
0425;10
0426;10
0427;10
0428;10
0429;10
0430;10
0431;10
0432;10
0433;10
0434;10
0435;10
0436;10
0437;10
0438;10
0439;10
0440;11
0441;10
0442;10
0443;10
0444;11
0445;11
0446;11
0447;11
0448;10
0449;11
0450;11
0451;11
0452;11
0453;11
0454;11
0455;11
0456;11
0457;11
0458;11
0459;11
0460;11
0461;11
0462;11
0463;11
0464;11
0465;11
0466;11
0467;11
0468;11
0469;11
0470;11
0471;11
0472;10
0473;11
0474;11
0475;11
0476;11
0477;11
0478;11
0479;11
0480;11
0481;11
0482;11
0483;11
0484;10
0485;10
0486;10
0487;11
0488;11
0489;10
0490;10
0491;10
0492;10
0493;11
0494;10
0495;10
0496;10
0497;10
0498;10
0499;10
0500;10
0501;10
0502;10
0503;10
0504;10
0505;10
0506;10
0507;10
0508;10
0509;10
0510;10
0511;11
0512;10
0513;10
0514;10
0515;10
0516;10
0517;10
0518;10
0519;10
0520;10
0521;10
0522;11
0523;11
0524;10
0525;10
0526;10
0527;10
0528;10
0529;10
0530;11
0531;10
0532;10
0533;10
0534;10
0535;10
0536;10
0537;11
0538;10
0539;10
0540;10
0541;10
0542;10
0543;10
0544;10
0545;10
0546;10
0547;10
0548;10
0549;10
0550;10
0551;10
0552;10
0553;10
0554;10
0555;11
0556;11
0557;11
0558;11
0559;10
0560;10
0561;10
0562;11
0563;11
0564;11
0565;11
0566;10
0567;10
0568;10
0569;10
0570;10
0571;10
0572;10
0573;10
0574;10
0575;10
0576;10
0577;10
0578;10
0579;10
0580;10
0581;10
0582;11
0583;11
0584;10
0585;10
0586;10
0587;10
0588;10
0589;11
0590;11
0591;11
0592;10
0593;10
0594;10
0595;11
0596;11
0597;11
0598;11
0599;11
0600;10
0601;10
0602;10
0603;10
0604;10
0605;10
0606;10
0607;10
0608;10
0609;10
0610;11
0611;11
0612;11
0613;11
0614;11
0615;10
0616;10
0617;10
0618;11
0619;10
0620;10
0621;11
0622;10
0623;10
0624;11
0625;10
0626;10
0627;10
0628;10
0629;10
0630;11
0631;10
0632;10
0633;10
0634;10
0635;10
0636;10
0637;11
0638;11
0639;11
0640;11
0641;10
0642;10
0643;10
0644;11
0645;10
0646;10
0647;10
0648;10
0649;10
0650;11
0651;11
0652;11
0653;10
0654;10
0655;10
0656;10
0657;10
0658;10
0659;10
0660;10
0661;10
0662;10
0663;10
0664;10
0665;10
0666;10
0667;10
0668;10
0669;10
0670;10
0671;10
0672;10
0673;10
0674;10
0675;10
0676;10
0677;11
0678;11
0679;11
0680;11
0681;10
0682;10
0683;10
0684;10
0685;10
0686;11
0687;10
0688;10
0689;10
0690;10
0691;11
0692;11
0693;11
0694;11
0695;11
0696;11
0697;10
0698;10
0699;10
0700;10
0701;11
0702;11
0703;11
0704;10
0705;10
0706;11
0707;10
0708;10
0709;10
0710;10
0711;10
0712;10
0713;10
0714;10
0715;10
0716;10
0717;10
0718;10
0719;10
0720;10
0721;11
0722;11
0723;10
0724;10
0725;10
0726;11
0727;11
0728;11
0729;11
0730;10
0731;10
0732;11
0733;11
0734;11
0735;11
0736;11
0737;10
0738;10
0739;10
0740;10
0741;10
0742;10
0743;10
0744;11
0745;11
0746;11
0747;11
0748;11
0749;11
0750;11
0751;11
0752;10
0753;10
0754;10
0755;10
0756;10
0757;10
0758;10
0759;10
0760;11
0761;10
0762;11
0763;11
0764;11
0765;11
0766;11
0767;11
0768;11
0769;11
0770;11
0771;11
0772;11
0773;11
0774;10
0775;11
0776;11
0777;11
0778;11
0779;11
0780;10
0781;10
0782;10
0783;10
0784;10
0785;11
0786;11
0787;11
0788;11
0789;11
0790;11
0791;10
0792;10
0793;10
0794;10
0795;10
0796;10
0797;10
0798;10
0799;10
0800;11
0801;10
0802;11
0803;11
0804;10
0805;10
0806;11
0807;10
0808;10
0809;10
0810;10
0811;10
0812;10
0813;10
0814;10
0815;10
0816;10
0817;10
0818;11
0819;11
0820;11
0821;11
0822;11
0823;11
0824;11
0825;11
0826;11
0827;11
0828;11
0829;10
0830;11
0831;11
0832;11
0833;11
0834;10
0835;10
0836;10
0837;10
0838;10
0839;10
0840;10
0841;10
0842;10
0843;10
0844;10
0845;10
0846;10
0847;10
0848;10
0849;10
0850;10
0851;10
0852;11
0853;11
0854;11
0855;11
0856;11
0857;11
0858;11
0859;11
0860;11
0861;11
0862;11
0863;11
0864;11
0865;11
0866;10
0867;10
0868;10
0869;10
0870;10
0871;10
0872;10
0873;11
0874;11
0875;11
0876;10
0877;10
0878;10
0879;10
0880;10
0881;10
0882;10
0883;10
0884;10
0885;10
0886;10
0887;10
0888;10
0889;10
0890;10
0891;11
0892;11
0893;11
0894;11
0895;11
0896;11
0897;11
0898;11
0899;10
0900;11
0901;11
0902;11
0903;11
0904;10
0905;10
0906;11
0907;11
0908;10
0909;10
0910;10
0911;10
0912;10
0913;11
0914;11
0915;11
0916;11
0917;11
0918;11
0919;11
0920;11
0921;11
0922;11
0923;11
0924;11
0925;11
0926;10
0927;10
0928;10
0929;11
0930;10
0931;10
0932;10
0933;10
0934;10
0935;10
0936;10
0937;10
0938;10
0939;10
0940;10
0941;10
0942;10
0943;10
0944;10
0945;11
0946;10
0947;10
0948;11
0949;11
0950;11
0951;11
0952;10
0953;10
0954;11
0955;11
0956;11
0957;10
0958;10
0959;10
0960;10
0961;10
0962;11
0963;10
0964;10
0965;10
0966;10
0967;10
0968;10
0969;10
0970;10
0971;10
0972;10
0973;11
0974;11
0975;11
0976;11
0977;11
0978;11
0979;11
0980;11
0981;11
0982;11
0983;11
0984;11
0985;11
0986;11
0987;11
0988;11
0989;11
0990;11
0991;10
0992;10
0993;10
0994;10
0995;10
0996;10
0997;10
0998;10
0999;10
1000;10
1001;11
1002;11
1003;11
1004;11
1005;11
1006;11
1007;11
1008;11
1009;11
1010;10
1011;10
1012;10
1013;11
1014;11
1015;10
1016;10
1017;11
1018;11
1019;10
1020;10
1021;10
1022;10
1023;10
1024;10
1025;10
1026;11
1027;10
1028;10
1029;10
1030;10
1031;10
1032;10
1033;10
1034;10
1035;10
1036;11
1037;10
1038;11
1039;11
1040;10
1041;10
1042;10
1043;10
1044;11
1045;11
1046;11
1047;10
1048;11
1049;10
1050;10
1051;10
1052;10
1053;10
1054;11
1055;10
1056;10
1057;10
1058;10
1059;10
1060;11
1061;10
1062;10
1063;10
1064;10
1065;11
1066;11
1067;10
1068;10
1069;10
1070;10
1071;10
1072;10
1073;11
1074;11
1075;11
1076;11
1077;11
1078;10
1079;10
1080;10
1081;10
1082;10
1083;10
1084;10
1085;10
1086;11
1087;11
1088;11
1089;11
1090;10
1091;10
1092;10
1093;10
1094;10
1095;10
1096;10
1097;10
1098;10
1099;10
1100;11
1101;11
1102;10
1103;11
1104;11
1105;11
1106;11
1107;11
1108;11
1109;10
1110;10
1111;10
1112;10
1113;10
1114;10
1115;10
1116;10
1117;10
1118;11
1119;11
1120;11
1121;11
1122;11
1123;11
1124;11
1125;11
1126;11
1127;10
1128;11
1129;10
1130;10
1131;11
1132;11
1133;11
1134;11
1135;10
1136;10
1137;10
1138;10
1139;10
1140;11
1141;11
1142;10
1143;10
1144;10
1145;10
1146;10
1147;10
1148;10
1149;11
1150;10
1151;10
1152;10
1153;10
1154;10
1155;11
1156;10
1157;10
1158;10
1159;10
1160;10
1161;10
1162;10
1163;10
1164;10
1165;10
1166;10
1167;10
1168;10
1169;10
1170;10
1171;10
1172;10
1173;10
1174;10
1175;10
1176;10
1177;10
1178;10
1179;10
1180;10
1181;10
1182;10
1183;10
1184;10
1185;10
1186;10
1187;11
1188;10
1189;10
1190;10
1191;10
1192;10
1193;10
1194;10
1195;10
1196;10
1197;10
1198;11
1199;10
1200;10
1201;10
1202;10
1203;10
1204;10
1205;10
1206;10
1207;10
1208;10
1209;10
1210;10
1211;10
1212;10
1213;10
1214;10
1215;10
1216;10
1217;10
1218;10
1219;11
1220;10
1221;10
1222;10
1223;10
1224;10
1225;10
1226;10
1227;10
1228;10
1229;10
1230;10
1231;11
1232;10
1233;10
1234;10
1235;10
1236;10
1237;10
1238;10
1239;10
1240;11
1241;11
1242;10
1243;10
1244;10
1245;10
1246;10
1247;10
1248;10
1249;10
1250;11
1251;10
1252;10
1253;10
1254;10
1255;10
1256;11
1257;10
1258;11
1259;11
1260;11
1261;11
1262;11
1263;10
1264;11
1265;11
1266;11
1267;11
1268;11
1269;11
1270;11
1271;11
1272;10
1273;10
1274;11
1275;10
1276;10
1277;11
1278;10
1279;11
1280;11
1281;11
1282;11
1283;11
1284;10
1285;11
1286;11
1287;11
1288;11
1289;11
1290;11
1291;11
1292;11
1293;11
1294;11
1295;11
1296;11
1297;11
1298;11
1299;10
1300;10
1301;10
1302;10
1303;11
1304;10
1305;10
1306;10
1307;11
1308;11
1309;11
1310;10
1311;10
1312;10
1313;11
1314;10
1315;10
1316;10
1317;11
1318;10
1319;10
1320;10
1321;10
1322;10
1323;11
1324;11
1325;11
1326;11
1327;11
1328;10
1329;10
1330;11
1331;11
1332;10
1333;10
1334;10
1335;10
1336;10
1337;10
1338;10
1339;10
1340;11
1341;10
1342;10
1343;10
1344;10
1345;10
1346;10
1347;10
1348;11
1349;10
1350;10
1351;10
1352;10
1353;11
1354;11
1355;11
1356;11
1357;11
1358;11
1359;11
1360;11
1361;10
1362;11
1363;10
1364;10
1365;10
1366;10
1367;10
1368;11
1369;11
1370;11
1371;10
1372;11
1373;10
1374;11
1375;11
1376;11
1377;11
1378;11
1379;11
1380;11
1381;11
1382;11
1383;11
1384;10
1385;10
1386;10
1387;10
1388;10
1389;10
1390;10
1391;11
1392;10
1393;11
1394;11
1395;10
1396;10
1397;10
1398;10
1399;10
1400;10
1401;10
1402;11
1403;11
1404;10
1405;10
1406;10
1407;10
1408;10
1409;10
1410;10
1411;11
1412;10
1413;11
1414;10
1415;11
1416;11
1417;10
1418;10
1419;10
1420;10
1421;11
1422;11
1423;11
1424;10
1425;10
1426;10
1427;10
1428;10
1429;11
1430;11
1431;10
1432;10
1433;11
1434;11
1435;10
1436;11
1437;11
1438;10
1439;10
1440;10
1441;11
1442;11
1443;11
1444;11
1445;11
1446;11
1447;11
1448;10
1449;11
1450;11
1451;11
1452;11
1453;11
1454;11
1455;10
1456;10
1457;10
1458;10
1459;10
1460;11
1461;11
1462;11
1463;11
1464;11
1465;11
1466;11
1467;10
1468;10
1469;10
1470;10
1471;11
1472;11
1473;10
1474;11
1475;10
1476;10
1477;11
1478;10
1479;10
1480;10
1481;10
1482;11
1483;10
1484;10
1485;10
1486;10
1487;11
1488;10
1489;11
1490;10
1491;10
1492;10
1493;10
1494;10
1495;10
1496;10
1497;10
1498;10
1499;10
1500;10
1501;10
1502;10
1503;10
1504;10
1505;10
1506;10
1507;11
1508;10
1509;10
1510;10
1511;10
1512;10
1513;10
1514;10
1515;11
1516;11
1517;11
1518;11
1519;10
1520;10
1521;10
1522;11
1523;11
1524;11
1525;11
1526;11
1527;10
1528;11
1529;10
1530;11
1531;11
1532;11
1533;11
1534;10
1535;10
1536;11
1537;10
1538;11
1539;11
1540;11
1541;10
1542;11
1543;11
1544;10
1545;11
1546;10
1547;11
1548;11
1549;11
1550;11
1551;11
1552;10
1553;11
1554;10
1555;11
1556;11
1557;11
1558;10
1559;11
1560;11
1561;10
1562;10
1563;11
1564;11
1565;11
1566;11
1567;11
1568;11
1569;11
1570;11
1571;11
1572;11
1573;11
1574;11
1575;11
1576;11
1577;11
1578;11
1579;11
1580;10
1581;11
1582;11
1583;10
1584;10
1585;10
1586;10
1587;11
1588;10
1589;11
1590;11
1591;11
1592;11
1593;11
1594;11
1595;11
1596;11
1597;11
1598;11
1599;11
1600;11
1601;11
1602;11
1603;11
1604;11
1605;11
1606;11
1607;11
1608;11
1609;11
1610;11
1611;11
1612;10
1613;11
1614;11
1615;11
1616;11
1617;11
1618;11
1619;11
1620;11
1621;10
1622;10
1623;11
1624;11
1625;11
1626;11
1627;11
1628;11
1629;11
1630;11
1631;11
1632;11
1633;11
1634;11
1635;11
1636;11
1637;11
1638;11
1639;10
1640;10
1641;10
1642;10
1643;10
1644;10
1645;10
1646;10
1647;10
1648;10
1649;11
1650;10
1651;10
1652;10
1653;10
1654;10
1655;10
1656;10
1657;10
1658;10
1659;10
1660;10
1661;10
1662;10
1663;10
1664;10
1665;10
1666;10
1667;10
1668;10
1669;10
1670;10
1671;10
1672;10
1673;10
1674;10
1675;10
1676;10
1677;10
1678;10
1679;10
1680;10
1681;10
1682;10
1683;10
1684;10
1685;10
1686;10
1687;10
1688;10
1689;11
1690;10
1691;10
1692;10
1693;10
1694;10
1695;11
1696;10
1697;10
1698;10
1699;10
1700;11
1701;11
1702;11
1703;11
1704;11
1705;10
1706;11
1707;11
1708;10
1709;10
1710;11
1711;10
1712;11
1713;10
1714;10
1715;11
1716;11
1717;11
1718;11
1719;11
1720;11
1721;11
1722;11
1723;11
1724;11
1725;11
1726;11
1727;11
1728;11
1729;11
1730;11
1731;11
1732;11
1733;11
1734;11
1735;11
1736;11
1737;11
1738;11
1739;11
1740;11
1741;11
1742;11
1743;11
1744;10
1745;11
1746;11
1747;11
1748;11
1749;11
1750;11
1751;11
1752;10
1753;10
1754;11
1755;11
1756;11
1757;11
1758;11
1759;11
1760;11
1761;11
1762;11
1763;11
1764;11
1765;11
1766;11
1767;11
1768;10
1769;10
1770;10
1771;10
1772;10
1773;11
1774;11
1775;11
1776;11
1777;10
1778;11
1779;11
1780;11
1781;11
1782;10
1783;10
1784;10
1785;10
1786;11
1787;11
1788;11
1789;10
1790;10
1791;10
1792;10
1793;10
1794;10
1795;10
1796;10
1797;10
1798;10
1799;10
1800;10
1801;11
1802;11
1803;10
1804;10
1805;10
1806;10
1807;10
1808;10
1809;10
1810;10
1811;10
1812;10
1813;10
1814;11
1815;10
1816;11
1817;10
1818;10
1819;10
1820;10
1821;10
1822;11
1823;11
1824;11
1825;11
1826;11
1827;11
1828;10
1829;10
1830;10
1831;10
1832;10
1833;10
1834;10
1835;10
1836;10
1837;10
1838;10
1839;10
1840;10
1841;11
1842;11
1843;11
1844;11
1845;11
1846;10
1847;10
1848;10
1849;10
1850;10
1851;10
1852;10
1853;10
1854;10
1855;10
1856;10
1857;10
1858;10
1859;10
1860;10
1861;10
1862;10
1863;10
1864;10
1865;10
1866;10
1867;11
1868;11
1869;10
1870;10
1871;10
1872;10
1873;10
1874;10
1875;10
1876;10
1877;10
1878;10
1879;10
1880;10
1881;11
1882;11
1883;10
1884;10
1885;11
1886;11
1887;11
1888;11
1889;11
1890;11
1891;10
1892;10
1893;10
1894;11
1895;11
1896;10
1897;10
1898;11
1899;10
1900;10
1901;10
1902;11
1903;11
1904;11
1905;11
1906;11
1907;11
1908;11
1909;11
1910;11
1911;11
1912;11
1913;11
1914;10
1915;10
1916;11
1917;10
1918;10
1919;10
1920;10
1921;10
1922;10
1923;11
1924;11
1925;10
1926;10
1927;11
1928;11
1929;11
1930;11
1931;11
1932;11
1933;11
1934;11
1935;11
1936;11
1937;11
1938;11
1939;11
1940;11
1941;11
1942;11
1943;11
1944;11
1945;11
1946;11
1947;11
1948;11
1949;11
1950;11
1951;11
1952;11
1953;11
1954;11
1955;11
1956;11
1957;11
1958;11
1959;11
1960;11
1961;11
1962;11
1963;11
1964;11
1965;11
1966;11
1967;11
1968;11
1969;11
1970;10
1971;10
1972;10
1973;11
1974;11
1975;11
1976;10
1977;11
1978;11
1979;11
1980;11
1981;11
1982;11
1983;11
1984;11
1985;11
1986;10
1987;11
1988;11
1989;11
1990;11
1991;10
1992;10
1993;10
1994;10
1995;11
1996;11
1997;11
1998;10
1999;10
2000;10
2001;10
2002;11
2003;11
2004;11
2005;11
2006;11
2007;10
2008;10
2009;11
2010;10
2011;10
2012;10
2013;10
2014;10
2015;10
2016;10
2017;10
2018;11
2019;11
2020;10
2021;10
2022;10
2023;10
2024;10
2025;10
2026;10
2027;10
2028;10
2029;11
2030;10
2031;10
2032;10
2033;10
2034;10
2035;10
2036;10
2037;10
2038;10
2039;10
2040;10
2041;10
2042;10
2043;10
2044;10
2045;10
2046;10
2047;10
2048;10
2049;10
2050;10
2051;10
2052;10
2053;10
2054;10
2055;10
2056;10
2057;10
2058;10
2059;10
2060;10
2061;10
2062;10
2063;10
2064;10
2065;10
2066;10
2067;11
2068;10
2069;10
2070;10
2071;10
2072;10
2073;10
2074;10
2075;10
2076;10
2077;10
2078;10
2079;10
2080;10
2081;10
2082;10
2083;10
2084;10
2085;10
2086;10
2087;11
2088;11
2089;11
2090;11
2091;11
2092;11
2093;11
2094;11
2095;10
2096;11
2097;11
2098;11
2099;10
2100;10
2101;10
2102;10
2103;10
2104;10
2105;10
2106;10
2107;10
2108;10
2109;10
2110;10
2111;10
2112;10
2113;10
2114;10
2115;10
2116;10
2117;10
2118;10
2119;10
2120;10
2121;10
2122;10
2123;10
2124;10
2125;10
2126;11
2127;11
2128;10
2129;10
2130;10
2131;11
2132;11
2133;11
2134;11
2135;11
2136;11
2137;10
2138;10
2139;10
2140;10
2141;10
2142;10
2143;11
2144;10
2145;10
2146;10
2147;10
2148;10
2149;10
2150;10
2151;10
2152;10
2153;10
2154;10
2155;10
2156;10
2157;10
2158;10
2159;10
2160;10
2161;10
2162;10
2163;10
2164;10
2165;10
2166;11
2167;10
2168;10
2169;10
2170;10
2171;10
2172;11
2173;11
2174;11
2175;11
2176;11
2177;11
2178;11
2179;11
2180;11
2181;11
2182;11
2183;11
2184;11
2185;11
2186;10
2187;10
2188;10
2189;10
2190;11
2191;11
2192;11
2193;11
2194;11
2195;11
2196;10
2197;10
2198;10
2199;10
2200;10
2201;11
2202;10
2203;10
2204;10
2205;10
2206;11
2207;10
2208;10
2209;10
2210;10
2211;10
2212;11
2213;11
2214;11
2215;11
2216;10
2217;10
2218;10
2219;10
2220;10
2221;10
2222;11
2223;11
2224;10
2225;10
2226;10
2227;10
2228;10
2229;11
2230;11
2231;10
2232;11
2233;11
2234;10
2235;10
2236;10
2237;10
2238;10
2239;10
2240;10
2241;10
2242;10
2243;11
2244;10
2245;10
2246;10
2247;10
2248;10
2249;10
2250;10
2251;10
2252;11
2253;11
2254;11
2255;11
2256;11
2257;10
2258;10
2259;10
2260;11
2261;10
2262;10
2263;11
2264;10
2265;10
2266;10
2267;10
2268;10
2269;10
2270;10
2271;10
2272;10
2273;11
2274;11
2275;11
2276;11
2277;11
2278;11
2279;10
2280;11
2281;10
2282;10
2283;10
2284;10
2285;10
2286;10
2287;10
2288;10
2289;10
2290;10
2291;10
2292;10
2293;10
2294;10
2295;10
2296;10
2297;11
2298;11
2299;11
2300;11
2301;11
2302;11
2303;10
2304;10
2305;10
2306;10
2307;10
2308;10
2309;10
2310;10
2311;11
2312;10
2313;10
2314;10
2315;11
2316;10
2317;11
2318;11
2319;11
2320;10
2321;10
2322;10
2323;10
2324;10
2325;10
2326;10
2327;10
2328;10
2329;10
2330;10
2331;11
2332;11
2333;11
2334;10
2335;10
2336;10
2337;10
2338;10
2339;10
2340;10
2341;10
2342;11
2343;11
2344;11
2345;11
2346;11
2347;10
2348;10
2349;10
2350;11
2351;11
2352;11
2353;11
2354;11
2355;11
2356;11
2357;11
2358;11
2359;11
2360;11
2361;11
2362;11
2363;11
2364;11
2365;11
2366;11
2367;10
2368;10
2369;10
2370;11
2371;11
2372;11
2373;10
2374;10
2375;10
2376;10
2377;10
2378;10
2379;11
2380;11
2381;10
2382;10
2383;11
2384;10
2385;10
2386;11
2387;11
2388;11
2389;11
2390;10
2391;10
2392;10
2393;10
2394;10
2395;10
2396;10
2397;11
2398;10
2399;10
2400;10
2401;10
2402;10
2403;11
2404;11
2405;11
2406;10
2407;11
2408;11
2409;10
2410;10
2411;11
2412;11
2413;11
2414;11
2415;11
2416;11
2417;10
2418;10
2419;10
2420;11
2421;10
2422;10
2423;10
2424;10
2425;10
2426;11
2427;11
2428;10
2429;11
2430;11
2431;11
2432;11
2433;11
2434;11
2435;10
2436;10
2437;10
2438;10
2439;10
2440;11
2441;11
2442;11
2443;11
2444;10
2445;11
2446;10
2447;10
2448;11
2449;10
2450;11
2451;11
2452;11
2453;11
2454;11
2455;11
2456;11
2457;11
2458;11
2459;11
2460;11
2461;11
2462;11
2463;11
2464;11
2465;11
2466;11
2467;11
2468;11
2469;11
2470;11
2471;11
2472;11
2473;11
2474;11
2475;11
2476;11
2477;11
2478;11
2479;11
2480;11
2481;11
2482;11
2483;11
2484;11
2485;11
2486;11
2487;11
2488;11
2489;11
2490;10
2491;10
2492;10
2493;10
2494;10
2495;10
2496;10
2497;10
2498;10
2499;11
2500;11
2501;11
2502;11
2503;10
2504;10
2505;11
2506;11
2507;11
2508;11
2509;11
2510;11
2511;11
2512;10
2513;11
2514;11
2515;11
2516;10
2517;10
2518;10
2519;11
2520;11
2521;11
2522;11
2523;11
2524;11
2525;11
2526;11
2527;10
2528;11
2529;11
2530;11
2531;11
2532;11
2533;11
2534;10
2535;11
2536;11
2537;11
2538;11
2539;11
2540;10
2541;10
2542;10
2543;10
2544;10
2545;10
2546;10
2547;10
2548;10
2549;11
2550;11
2551;10
2552;10
2553;10
2554;10
2555;10
2556;10
2557;10
2558;10
2559;10
2560;10
2561;10
2562;10
2563;10
2564;10
2565;10
2566;11
2567;11
2568;11
2569;11
2570;11
2571;11
2572;10
2573;10
2574;10
2575;10
2576;10
2577;10
2578;10
2579;10
2580;10
2581;10
2582;10
2583;10
2584;10
2585;10
2586;10
2587;10
2588;10
2589;10
2590;10
2591;10
2592;10
2593;10
2594;10
2595;10
2596;10
2597;10
2598;10
2599;10
2600;10
2601;10
2602;10
2603;10
2604;10
2605;10
2606;10
2607;10
2608;10
2609;10
2610;10
2611;10
2612;10
2613;11
2614;10
2615;10
2616;10
2617;10
2618;11
2619;10
2620;10
2621;10
2622;10
2623;10
2624;10
2625;10
2626;10
2627;11
2628;11
2629;11
2630;10
2631;10
2632;10
2633;10
2634;10
2635;11
2636;10
2637;10
2638;10
2639;10
2640;10
2641;10
2642;10
2643;10
2644;10
2645;10
2646;11
2647;11
2648;11
2649;10
2650;10
2651;10
2652;10
2653;10
2654;10
2655;10
2656;11
2657;11
2658;10
2659;10
2660;10
2661;10
2662;10
2663;10
2664;10
2665;10
2666;10
2667;10
2668;11
2669;11
2670;11
2671;10
2672;10
2673;10
2674;10
2675;10
2676;10
2677;10
2678;10
2679;10
2680;10
2681;10
2682;10
2683;11
2684;10
2685;10
2686;10
2687;11
2688;11
2689;11
2690;11
2691;10
2692;11
2693;11
2694;11
2695;10
2696;10
2697;10
2698;10
2699;11
2700;10
2701;10
2702;10
2703;10
2704;10
2705;10
2706;10
2707;10
2708;10
2709;10
2710;10
2711;10
2712;10
2713;10
2714;10
2715;10
2716;10
2717;10
2718;10
2719;10
2720;10
2721;10
2722;10
2723;11
2724;11
2725;11
2726;11
2727;11
2728;11
2729;10
2730;10
2731;11
2732;10
2733;10
2734;11
2735;11
2736;11
2737;10
2738;11
2739;11
2740;11
2741;10
2742;10
2743;10
2744;10
2745;10
2746;11
2747;10
2748;11
2749;10
2750;11
2751;10
2752;10
2753;11
2754;10
2755;10
2756;10
2757;10
2758;10
2759;10
2760;10
2761;10
2762;10
2763;10
2764;10
2765;10
2766;10
2767;10
2768;10
2769;10
2770;10
2771;10
2772;11
2773;11
2774;11
2775;11
2776;10
2777;10
2778;11
2779;11
2780;11
2781;11
2782;11
2783;11
2784;10
2785;10
2786;10
2787;10
2788;10
2789;10
2790;10
2791;10
2792;10
2793;10
2794;10
2795;10
2796;10
2797;10
2798;10
2799;10
2800;10
2801;10
2802;10
2803;10
2804;10
2805;10
2806;11
2807;10
2808;11
2809;11
2810;10
2811;10
2812;10
2813;10
2814;10
2815;10
2816;10
2817;10
2818;10
2819;10
2820;10
2821;10
2822;10
2823;10
2824;10
2825;10
2826;10
2827;10
2828;10
2829;10
2830;10
2831;10
2832;10
2833;10
2834;10
2835;11
2836;11
2837;11
2838;11
2839;11
2840;11
2841;11
2842;11
2843;10
2844;10
2845;11
2846;11
2847;11
2848;11
2849;11
2850;11
2851;10
2852;10
2853;10
2854;10
2855;10
2856;10
2857;10
2858;11
2859;11
2860;10
2861;10
2862;10
2863;10
2864;10
2865;10
2866;10
2867;11
2868;10
2869;10
2870;11
2871;11
2872;11
2873;11
2874;11
2875;11
2876;11
2877;11
2878;11
2879;11
2880;11
2881;11
2882;11
2883;11
2884;10
2885;11
2886;11
2887;11
2888;11
2889;11
2890;11
2891;11
2892;10
2893;10
2894;10
2895;10
2896;10
2897;11
2898;10
2899;10
2900;10
2901;10
2902;10
2903;10
2904;10
2905;10
2906;10
2907;10
2908;10
2909;10
2910;10
2911;11
2912;11
2913;11
2914;11
2915;10
2916;10
2917;10
2918;10
2919;10
2920;10
2921;10
2922;10
2923;10
2924;10
2925;10
2926;11
2927;11
2928;11
2929;11
2930;11
2931;11
2932;11
2933;11
2934;11
2935;11
2936;11
2937;11
2938;11
2939;11
2940;11
2941;11
2942;11
2943;11
2944;11
2945;11
2946;11
2947;11
2948;11
2949;11
2950;11
2951;11
2952;11
2953;11
2954;11
2955;11
2956;11
2957;11
2958;11
2959;11
2960;11
2961;11
2962;10
2963;10
2964;10
2965;10
2966;10
2967;11
2968;11
2969;11
2970;11
2971;11
2972;11
2973;10
2974;10
2975;11
2976;11
2977;11
2978;10
2979;10
2980;11
2981;11
2982;11
2983;11
2984;11
2985;11
2986;11
2987;11
2988;11
2989;11
2990;11
2991;10
2992;10
2993;10
2994;11
2995;10
2996;10
2997;10
2998;10
2999;10
3000;10
3001;11
3002;11
3003;11
3004;10
3005;10
3006;11
3007;10
3008;11
3009;11
3010;10
3011;10
3012;10
3013;10
3014;10
3015;11
3016;10
3017;10
3018;10
3019;10
3020;10
3021;10
3022;10
3023;10
3024;10
3025;10
3026;10
3027;11
3028;10
3029;11
3030;11
3031;11
3032;11
3033;11
3034;10
3035;10
3036;10
3037;11
3038;11
3039;11
3040;11
3041;11
3042;11
3043;11
3044;11
3045;10
3046;11
3047;11
3048;10
3049;11
3050;11
3051;10
3052;10
3053;10
3054;10
3055;10
3056;10
3057;11
3058;11
3059;11
3060;11
3061;11
3062;11
3063;11
3064;11
3065;11
3066;11
3067;11
3068;11
3069;11
3070;11
3071;11
3072;11
3073;11
3074;11
3075;11
3076;11
3077;10
3078;10
3079;10
3080;10
3081;10
3082;11
3083;10
3084;10
3085;10
3086;10
3087;10
3088;10
3089;10
3090;10
3091;10
3092;10
3093;10
3094;11
3095;10
3096;10
3097;10
3098;10
3099;10
3100;10
3101;10
3102;10
3103;10
3104;10
3105;11
3106;11
3107;11
3108;11
3109;11
3110;10
3111;10
3112;10
3113;11
3114;11
3115;11
3116;11
3117;11
3118;11
3119;11
3120;10
3121;10
3122;10
3123;10
3124;11
3125;11
3126;11
3127;11
3128;11
3129;10
3130;10
3131;10
3132;11
3133;11
3134;11
3135;11
3136;11
3137;11
3138;11
3139;10
3140;11
3141;11
3142;11
3143;11
3144;11
3145;11
3146;11
3147;11
3148;10
3149;10
3150;10
3151;10
3152;10
3153;10
3154;10
3155;10
3156;10
3157;11
3158;11
3159;11
3160;11
3161;11
3162;11
3163;11
3164;11
3165;11
3166;11
3167;11
3168;10
3169;10
3170;11
3171;11
3172;11
3173;11
3174;11
3175;11
3176;11
3177;11
3178;10
3179;10
3180;10
3181;10
3182;10
3183;10
3184;11
3185;10
3186;10
3187;11
3188;11
3189;11
3190;11
3191;11
3192;11
3193;11
3194;11
3195;11
3196;10
3197;10
3198;10
3199;10
3200;10
3201;11
3202;11
3203;11
3204;11
3205;11
3206;11
3207;10
3208;10
3209;10
3210;10
3211;10
3212;11
3213;11
3214;11
3215;11
3216;10
3217;11
3218;10
3219;10
3220;10
3221;10
3222;11
3223;11
3224;10
3225;10
3226;10
3227;10
3228;10
3229;10
3230;11
3231;11
3232;10
3233;10
3234;11
3235;11
3236;11
3237;10
3238;10
3239;10
3240;11
3241;11
3242;11
3243;11
3244;11
3245;11
3246;11
3247;11
3248;10
3249;10
3250;10
3251;10
3252;11
3253;11
3254;11
3255;11
3256;11
3257;11
3258;11
3259;11
3260;11
3261;11
3262;10
3263;10
3264;10
3265;10
3266;10
3267;10
3268;10
3269;10
3270;10
3271;11
3272;11
3273;11
3274;11
3275;11
3276;11
3277;11
3278;11
3279;10
3280;10
3281;10
3282;11
3283;11
3284;10
3285;10
3286;10
3287;10
3288;10
3289;10
3290;11
3291;11
3292;10
3293;10
3294;11
3295;11
3296;11
3297;11
3298;11
3299;10
3300;10
3301;10
3302;10
3303;10
3304;10
3305;10
3306;10
3307;10
3308;11
3309;11
3310;10
3311;11
3312;11
3313;10
3314;11
3315;11
3316;11
3317;11
3318;11
3319;11
3320;11
3321;11
3322;10
3323;11
3324;10
3325;10
3326;10
3327;11
3328;11
3329;10
3330;10
3331;11
3332;11
3333;11
3334;11
3335;11
3336;11
3337;11
3338;11
3339;11
3340;11
3341;11
3342;11
3343;11
3344;11
3345;11
3346;10
3347;11
3348;11
3349;10
3350;10
3351;10
3352;10
3353;11
3354;10
3355;11
3356;11
3357;11
3358;10
3359;10
3360;10
3361;10
3362;10
3363;10
3364;10
3365;10
3366;11
3367;11
3368;11
3369;10
3370;10
3371;11
3372;11
3373;11
3374;11
3375;11
3376;11
3377;11
3378;11
3379;11
3380;11
3381;10
3382;10
3383;10
3384;10
3385;10
3386;11
3387;11
3388;11
3389;10
3390;10
3391;10
3392;10
3393;10
3394;10
3395;10
3396;10
3397;10
3398;10
3399;11
3400;11
3401;11
3402;11
3403;11
3404;11
3405;11
3406;11
3407;11
3408;11
3409;11
3410;11
3411;11
3412;11
3413;10
3414;10
3415;11
3416;11
3417;10
3418;11
3419;10
3420;10
3421;10
3422;10
3423;10
3424;11
3425;11
3426;10
3427;10
3428;10
3429;10
3430;10
3431;11
3432;11
3433;11
3434;11
3435;11
3436;11
3437;11
3438;11
3439;11
3440;11
3441;11
3442;11
3443;11
3444;11
3445;11
3446;10
3447;10
3448;10
3449;10
3450;11
3451;11
3452;11
3453;11
3454;11
3455;11
3456;11
3457;11
3458;11
3459;11
3460;11
3461;11
3462;11
3463;11
3464;11
3465;11
3466;11
3467;10
3468;10
3469;11
3470;11
3471;11
3472;11
3473;11
3474;11
3475;11
3476;11
3477;11
3478;10
3479;10
3480;10
3481;10
3482;10
3483;10
3484;11
3485;11
3486;10
3487;11
3488;11
3489;11
3490;11
3491;11
3492;11
3493;11
3494;11
3495;11
3496;10
3497;10
3498;11
3499;11
3500;11
3501;11
3502;11
3503;11
3504;10
3505;10
3506;10
3507;10
3508;11
3509;11
3510;11
3511;11
3512;10
3513;10
3514;10
3515;10
3516;10
3517;10
3518;10
3519;11
3520;11
3521;11
3522;10
3523;10
3524;10
3525;10
3526;10
3527;10
3528;11
3529;11
3530;10
3531;11
3532;10
3533;11
3534;10
3535;10
3536;10
3537;10
3538;10
3539;10
3540;11
3541;11
3542;11
3543;11
3544;10
3545;10
3546;10
3547;10
3548;10
3549;10
3550;10
3551;10
3552;10
3553;10
3554;10
3555;10
3556;10
3557;10
3558;10
3559;10
3560;10
3561;10
3562;10
3563;10
3564;10
3565;10
3566;10
3567;10
3568;10
3569;10
3570;10
3571;10
3572;10
3573;10
3574;10
3575;10
3576;10
3577;10
3578;10
3579;10
3580;10
3581;10
3582;10
3583;10
3584;10
3585;10
3586;10
3587;10
3588;10
3589;10
3590;10
3591;10
3592;10
3593;10
3594;10
3595;10
3596;10
3597;10
3598;10
3599;11
3600;10
3601;11
3602;11
3603;11
3604;10
3605;11
3606;10
3607;11
3608;11
3609;11
3610;11
3611;11
3612;11
3613;10
3614;10
3615;10
3616;10
3617;10
3618;10
3619;10
3620;10
3621;10
3622;10
3623;10
3624;10
3625;10
3626;10
3627;10
3628;11
3629;11
3630;10
3631;10
3632;11
3633;11
3634;10
3635;10
3636;10
3637;10
3638;10
3639;10
3640;10
3641;10
3642;10
3643;11
3644;10
3645;10
3646;11
3647;10
3648;10
3649;11
3650;11
3651;11
3652;11
3653;11
3654;11
3655;10
3656;10
3657;10
3658;10
3659;10
3660;10
3661;10
3662;10
3663;10
3664;10
3665;11
3666;10
3667;10
3668;10
3669;10
3670;10
3671;10
3672;10
3673;10
3674;10
3675;11
3676;10
3677;11
3678;10
3679;10
3680;10
3681;10
3682;10
3683;10
3684;11
3685;10
3686;11
3687;11
3688;10
3689;10
3690;11
3691;11
3692;10
3693;10
3694;10
3695;10
3696;10
3697;10
3698;11
3699;11
3700;10
3701;10
3702;11
3703;11
3704;11
3705;11
3706;11
3707;11
3708;11
3709;11
3710;10
3711;10
3712;10
3713;10
3714;10
3715;11
3716;11
3717;11
3718;11
3719;11
3720;11
3721;10
3722;10
3723;10
3724;10
3725;10
3726;10
3727;10
3728;10
3729;10
3730;10
3731;10
3732;10
3733;11
3734;11
3735;10
3736;10
3737;11
3738;11
3739;11
3740;11
3741;11
3742;11
3743;11
3744;11
3745;11
3746;11
3747;11
3748;10
3749;10
3750;10
3751;10
3752;10
3753;10
3754;10
3755;10
3756;11
3757;11
3758;11
3759;11
3760;10
3761;10
3762;10
3763;10
3764;10
3765;10
3766;10
3767;10
3768;11
3769;11
3770;11
3771;11
3772;11
3773;10
3774;10
3775;10
3776;10
3777;10
3778;10
3779;11
3780;11
3781;11
3782;11
3783;10
3784;10
3785;10
3786;10
3787;10
3788;10
3789;10
3790;10
3791;10
3792;10
3793;10
3794;10
3795;10
3796;10
3797;10
3798;10
3799;10
3800;10
3801;10
3802;10
3803;10
3804;10
3805;10
3806;10
3807;10
3808;10
3809;10
3810;10
3811;10
3812;10
3813;10
3814;10
3815;10
3816;10
3817;10
3818;10
3819;10
3820;10
3821;10
3822;10
3823;10
3824;10
3825;10
3826;10
3827;10
3828;10
3829;11
3830;10
3831;10
3832;10
3833;11
3834;11
3835;10
3836;10
3837;10
3838;10
3839;10
3840;10
3841;10
3842;10
3843;10
3844;11
3845;10
3846;11
3847;10
3848;10
3849;10
3850;10
3851;10
3852;10
3853;10
3854;10
3855;11
3856;10
3857;10
3858;11
3859;10
3860;10
3861;10
3862;10
3863;10
3864;11
3865;11
3866;11
3867;10
3868;11
3869;11
3870;11
3871;11
3872;10
3873;10
3874;10
3875;11
3876;10
3877;10
3878;10
3879;10
3880;10
3881;10
3882;10
3883;10
3884;10
3885;10
3886;10
3887;10
3888;10
3889;10
3890;11
3891;11
3892;11
3893;11
3894;11
3895;11
3896;11
3897;11
3898;10
3899;10
3900;10
3901;10
3902;10
3903;10
3904;10
3905;11
3906;11
3907;10
3908;10
3909;11
3910;11
3911;11
3912;11
3913;11
3914;11
3915;11
3916;11
3917;11
3918;10
3919;10
3920;11
3921;11
3922;10
3923;10
3924;11
3925;11
3926;11
3927;11
3928;10
3929;10
3930;10
3931;10
3932;10
3933;10
3934;10
3935;10
3936;11
3937;11
3938;10
3939;10
3940;10
3941;10
3942;10
3943;10
3944;10
3945;10
3946;11
3947;11
3948;11
3949;11
3950;11
3951;11
3952;11
3953;11
3954;11
3955;11
3956;11
3957;11
3958;11
3959;11
3960;11
3961;10
3962;10
3963;10
3964;10
3965;10
3966;10
3967;10
3968;10
3969;10
3970;11
3971;11
3972;11
3973;11
3974;11
3975;11
3976;11
3977;10
3978;10
3979;10
3980;10
3981;10
3982;10
3983;10
3984;10
3985;10
3986;10
3987;10
3988;10
3989;10
3990;10
3991;10
3992;10
3993;10
3994;10
3995;10
3996;10
3997;10
3998;10
3999;10
4000;10
4001;11
4002;11
4003;11
4004;10
4005;10
4006;10
4007;10
4008;11
4009;10
4010;10
4011;10
4012;11
4013;11
4014;10
4015;11
4016;11
4017;10
4018;10
4019;10
4020;10
4021;10
4022;10
4023;10
4024;11
4025;11
4026;11
4027;10
4028;10
4029;10
4030;11
4031;11
4032;10
4033;10
4034;10
4035;10
4036;11
4037;11
4038;11
4039;10
4040;10
4041;11
4042;10
4043;11
4044;10
4045;10
4046;10
4047;11
4048;11
4049;11
4050;11
4051;11
4052;11
4053;10
4054;10
4055;10
4056;10
4057;10
4058;10
4059;10
4060;10
4061;11
4062;10
4063;11
4064;11
4065;11
4066;11
4067;11
4068;11
4069;10
4070;10
4071;11
4072;10
4073;10
4074;10
4075;10
4076;10
4077;10
4078;10
4079;10
4080;10
4081;10
4082;11
4083;11
4084;11
4085;11
4086;10
4087;11
4088;10
4089;10
4090;10
4091;10
4092;10
4093;10
4094;10
4095;10
4096;10
4097;10
4098;10
4099;10
4100;10
4101;10
4102;10
4103;10
4104;10
4105;11
4106;11
4107;11
4108;10
4109;10
4110;10
4111;10
4112;11
4113;10
4114;10
4115;10
4116;10
4117;10
4118;10
4119;10
4120;11
4121;10
4122;10
4123;10
4124;10
4125;10
4126;10
4127;11
4128;11
4129;11
4130;11
4131;11
4132;10
4133;10
4134;10
4135;10
4136;11
4137;11
4138;11
4139;10
4140;10
4141;10
4142;10
4143;10
4144;11
4145;11
4146;11
4147;11
4148;11
4149;10
4150;10
4151;10
4152;10
4153;11
4154;11
4155;11
4156;11
4157;11
4158;10
4159;10
4160;10
4161;10
4162;10
4163;10
4164;10
4165;10
4166;11
4167;11
4168;10
4169;10
4170;10
4171;10
4172;11
4173;11
4174;11
4175;11
4176;11
4177;10
4178;10
4179;11
4180;10
4181;10
4182;10
4183;11
4184;11
4185;11
4186;11
4187;11
4188;10
4189;10
4190;11
4191;11
4192;11
4193;11
4194;11
4195;11
4196;11
4197;11
4198;10
4199;11
4200;10
4201;10
4202;10
4203;11
4204;11
4205;11
4206;11
4207;11
4208;11
4209;10
4210;10
4211;10
4212;10
4213;10
4214;11
4215;11
4216;10
4217;11
4218;11
4219;11
4220;11
4221;10
4222;10
4223;10
4224;11
4225;11
4226;10
4227;11
4228;10
4229;11
4230;11
4231;11
4232;11
4233;11
4234;11
4235;11
4236;10
4237;10
4238;10
4239;10
4240;10
4241;10
4242;10
4243;10
4244;11
4245;11
4246;11
4247;11
4248;11
4249;11
4250;11
4251;11
4252;11
4253;11
4254;11
4255;11
4256;11
4257;11
4258;10
4259;10
4260;10
4261;10
4262;11
4263;11
4264;11
4265;11
4266;11
4267;11
4268;10
4269;10
4270;10
4271;10
4272;10
4273;10
4274;10
4275;10
4276;10
4277;10
4278;10
4279;10
4280;10
4281;10
4282;10
4283;10
4284;10
4285;10
4286;11
4287;10
4288;11
4289;11
4290;11
4291;11
4292;11
4293;11
4294;11
4295;11
4296;11
4297;10
4298;10
4299;10
4300;11
4301;10
4302;10
4303;10
4304;10
4305;10
4306;10
4307;11
4308;10
4309;10
4310;10
4311;11
4312;11
4313;11
4314;11
4315;10
4316;11
4317;10
4318;10
4319;10
4320;10
4321;10
4322;11
4323;11
4324;11
4325;11
4326;10
4327;10
4328;10
4329;10
4330;10
4331;11
4332;11
4333;11
4334;11
4335;11
4336;11
4337;11
4338;11
4339;11
4340;11
4341;11
4342;11
4343;11
4344;11
4345;11
4346;11
4347;11
4348;11
4349;11
4350;11
4351;11
4352;11
4353;11
4354;11
4355;10
4356;11
4357;11
4358;11
4359;11
4360;11
4361;11
4362;11
4363;11
4364;11
4365;11
4366;11
4367;11
4368;10
4369;10
4370;10
4371;10
4372;10
4373;10
4374;10
4375;10
4376;11
4377;11
4378;11
4379;11
4380;11
4381;11
4382;11
4383;11
4384;10
4385;11
4386;11
4387;11
4388;11
4389;11
4390;11
4391;10
4392;10
4393;10
4394;10
4395;11
4396;10
4397;10
4398;10
4399;10
4400;10
4401;10
4402;10
4403;10
4404;10
4405;11
4406;11
4407;11
4408;11
4409;11
4410;11
4411;11
4412;10
4413;10
4414;10
4415;10
4416;10
4417;10
4418;10
4419;10
4420;10
4421;10
4422;10
4423;10
4424;10
4425;10
4426;10
4427;10
4428;10
4429;10
4430;10
4431;10
4432;10
4433;10
4434;11
4435;10
4436;11
4437;11
4438;10
4439;10
4440;10
4441;10
4442;11
4443;10
4444;10
4445;10
4446;10
4447;10
4448;10
4449;10
4450;10
4451;10
4452;10
4453;10
4454;10
4455;11
4456;11
4457;10
4458;10
4459;10
4460;10
4461;10
4462;11
4463;11
4464;11
4465;11
4466;10
4467;10
4468;11
4469;10
4470;10
4471;10
4472;10
4473;11
4474;11
4475;11
4476;10
4477;10
4478;10
4479;10
4480;10
4481;10
4482;10
4483;10
4484;10
4485;10
4486;11
4487;10
4488;11
4489;11
4490;11
4491;11
4492;11
4493;11
4494;11
4495;11
4496;11
4497;10
4498;11
4499;11
4500;11
4501;11
4502;11
4503;10
4504;10
4505;11
4506;10
4507;11
4508;10
4509;11
4510;10
4511;11
4512;11
4513;11
4514;11
4515;11
4516;11
4517;11
4518;11
4519;11
4520;11
4521;11
4522;11
4523;11
4524;11
4525;11
4526;10
4527;10
4528;11
4529;11
4530;11
4531;11
4532;11
4533;11
4534;11
4535;10
4536;10
4537;11
4538;10
4539;11
4540;10
4541;11
4542;10
4543;11
4544;11
4545;11
4546;11
4547;11
4548;11
4549;10
4550;10
4551;11
4552;10
4553;11
4554;11
4555;10
4556;11
4557;11
4558;10
4559;10
4560;10
4561;10
4562;10
4563;10
4564;10
4565;11
4566;11
4567;11
4568;10
4569;10
4570;11
4571;11
4572;11
4573;11
4574;11
4575;11
4576;11
4577;10
4578;11
4579;11
4580;11
4581;11
4582;11
4583;11
4584;11
4585;11
4586;11
4587;11
4588;11
4589;11
4590;10
4591;11
4592;10
4593;10
4594;10
4595;11
4596;11
4597;11
4598;11
4599;10
4600;10
4601;10
4602;10
4603;10
4604;10
4605;11
4606;11
4607;10
4608;10
4609;10
4610;11
4611;11
4612;10
4613;10
4614;10
4615;11
4616;11
4617;10
4618;10
4619;10
4620;10
4621;10
4622;10
4623;10
4624;10
4625;10
4626;10
4627;10
4628;10
4629;10
4630;10
4631;11
4632;10
4633;11
4634;11
4635;11
4636;11
4637;11
4638;11
4639;11
4640;10
4641;10
4642;11
4643;10
4644;10
4645;10
4646;10
4647;10
4648;10
4649;10
4650;11
4651;10
4652;11
4653;11
4654;11
4655;10
4656;10
4657;11
4658;11
4659;11
4660;10
4661;10
4662;10
4663;10
4664;10
4665;10
4666;11
4667;10
4668;11
4669;10
4670;11
4671;11
4672;11
4673;11
4674;11
4675;11
4676;11
4677;11
4678;10
4679;10
4680;10
4681;10
4682;10
4683;10
4684;10
4685;10
4686;10
4687;10
4688;10
4689;10
4690;11
4691;11
4692;11
4693;11
4694;11
4695;11
4696;11
4697;10
4698;10
4699;11
4700;11
4701;11
4702;11
4703;11
4704;11
4705;11
4706;10
4707;10
4708;11
4709;11
4710;11
4711;11
4712;11
4713;11
4714;10
4715;10
4716;10
4717;10
4718;10
4719;10
4720;10
4721;10
4722;11
4723;11
4724;10
4725;10
4726;10
4727;10
4728;10
4729;10
4730;10
4731;10
4732;10
4733;10
4734;10
4735;10
4736;10
4737;11
4738;11
4739;11
4740;11
4741;11
4742;11
4743;11
4744;11
4745;11
4746;11
4747;10
4748;10
4749;10
4750;11
4751;10
4752;10
4753;11
4754;10
4755;10
4756;11
4757;11
4758;11
4759;11
4760;11
4761;11
4762;11
4763;10
4764;10
4765;10
4766;10
4767;11
4768;11
4769;11
4770;11
4771;11
4772;11
4773;11
4774;10
4775;10
4776;10
4777;10
4778;11
4779;10
4780;10
4781;10
4782;10
4783;10
4784;11
4785;11
4786;11
4787;11
4788;10
4789;10
4790;10
4791;10
4792;10
4793;10
4794;10
4795;10
4796;10
4797;10
4798;10
4799;10
4800;10
4801;10
4802;10
4803;10
4804;10
4805;10
4806;10
4807;10
4808;10
4809;10
4810;10
4811;10
4812;10
4813;10
4814;10
4815;10
4816;11
4817;11
4818;11
4819;11
4820;11
4821;11
4822;11
4823;11
4824;11
4825;11
4826;11
4827;11
4828;11
4829;11
4830;11
4831;10
4832;10
4833;10
4834;11
4835;10
4836;10
4837;11
4838;11
4839;11
4840;11
4841;10
4842;10
4843;10
4844;11
4845;11
4846;10
4847;11
4848;11
4849;10
4850;10
4851;10
4852;11
4853;11
4854;10
4855;10
4856;10
4857;10
4858;11
4859;10
4860;10
4861;10
4862;10
4863;10
4864;10
4865;10
4866;11
4867;10
4868;10
4869;11
4870;10
4871;10
4872;10
4873;10
4874;11
4875;11
4876;11
4877;11
4878;11
4879;11
4880;11
4881;11
4882;11
4883;11
4884;11
4885;10
4886;10
4887;10
4888;10
4889;10
4890;10
4891;10
4892;10
4893;10
4894;10
4895;10
4896;10
4897;10
4898;11
4899;10
4900;11
4901;10
4902;10
4903;10
4904;10
4905;10
4906;10
4907;10
4908;10
4909;11
4910;11
4911;10
4912;10
4913;10
4914;10
4915;10
4916;10
4917;10
4918;10
4919;10
4920;10
4921;10
4922;10
4923;10
4924;10
4925;10
4926;11
4927;11
4928;11
4929;11
4930;11
4931;10
4932;10
4933;10
4934;10
4935;10
4936;10
4937;10
4938;10
4939;11
4940;10
4941;10
4942;10
4943;10
4944;10
4945;10
4946;10
4947;10
4948;10
4949;10
4950;10
4951;10
4952;10
4953;10
4954;10
4955;10
4956;10
4957;10
4958;10
4959;10
4960;10
4961;11
4962;11
4963;11
4964;11
4965;11
4966;11
4967;11
4968;10
4969;10
4970;10
4971;10
4972;10
4973;10
4974;11
4975;10
4976;11
4977;10
4978;10
4979;10
4980;10
4981;10
4982;10
4983;10
4984;10
4985;10
4986;11
4987;10
4988;10
4989;10
4990;10
4991;10
4992;11
4993;11
4994;11
4995;11
4996;11
4997;11
4998;11
4999;10
5000;10
5001;10
5002;10
5003;10
5004;10
5005;10
5006;10
5007;10
5008;10
5009;10
5010;10
5011;10
5012;11
5013;10
5014;11
5015;11
5016;11
5017;11
5018;11
5019;11
5020;11
5021;11
5022;11
5023;11
5024;10
5025;11
5026;11
5027;11
5028;11
5029;11
5030;10
5031;11
5032;11
5033;10
5034;10
5035;11
5036;10
5037;10
5038;10
5039;10
5040;10
5041;10
5042;10
5043;10
5044;10
5045;10
5046;10
5047;10
5048;10
5049;10
5050;10
5051;10
5052;10
5053;10
5054;10
5055;10
5056;11
5057;11
5058;11
5059;10
5060;10
5061;10
5062;11
5063;11
5064;11
5065;11
5066;11
5067;11
5068;11
5069;11
5070;10
5071;10
5072;11
5073;11
5074;11
5075;11
5076;11
5077;11
5078;10
5079;10
5080;10
5081;10
5082;10
5083;10
5084;10
5085;10
5086;10
5087;10
5088;10
5089;10
5090;10
5091;11
5092;11
5093;11
5094;11
5095;11
5096;10
5097;10
5098;11
5099;11
5100;10
5101;10
5102;10
5103;10
5104;11
5105;10
5106;11
5107;11
5108;11
5109;10
5110;10
5111;10
5112;11
5113;11
5114;11
5115;10
5116;10
5117;10
5118;10
5119;10
5120;10
5121;10
5122;11
5123;10
5124;10
5125;10
5126;10
5127;10
5128;10
5129;10
5130;10
5131;10
5132;10
5133;10
5134;10
5135;10
5136;11
5137;11
5138;11
5139;11
5140;11
5141;11
5142;11
5143;11
5144;11
5145;11
5146;11
5147;11
5148;11
5149;10
5150;10
5151;10
5152;10
5153;11
5154;11
5155;11
5156;11
5157;11
5158;11
5159;11
5160;11
5161;11
5162;10
5163;11
5164;11
5165;11
5166;11
5167;11
5168;11
5169;11
5170;11
5171;11
5172;11
5173;11
5174;11
5175;11
5176;11
5177;11
5178;11
5179;11
5180;11
5181;11
5182;11
5183;11
5184;11
5185;11
5186;11
5187;10
5188;10
5189;10
5190;10
5191;10
5192;10
5193;10
5194;10
5195;10
5196;10
5197;10
5198;10
5199;10
5200;10
5201;11
5202;11
5203;11
5204;11
5205;11
5206;11
5207;11
5208;11
5209;11
5210;11
5211;11
5212;11
5213;11
5214;11
5215;11
5216;10
5217;10
5218;10
5219;10
5220;10
5221;11
5222;11
5223;11
5224;11
5225;11
5226;11
5227;11
5228;11
5229;11
5230;11
5231;11
5232;11
5233;11
5234;11
5235;11
5236;11
5237;11
5238;11
5239;11
