"CUEST";"cno12";"cobhe"
"0001";34;5
"0002";56;5
"0003";56;5
"0004";10;4
"0005";41;4
"0006";30;4
"0007";80;8
"0008";56;5
"0009";82;8
"0010";5;2
"0011";33;8
"0012";36;5
"0013";53;5
"0014";82;3
"0015";72;5
"0016";30;6
"0017";53;5
"0018";40;3
"0019";NA;10
"0020";20;4
"0021";56;7
"0022";56;7
"0023";53;8
"0024";34;3
"0025";20;4
"0026";34;7
"0027";56;5
"0028";48;5
"0029";20;3
"0030";56;7
"0031";41;4
"0032";10;4
"0033";30;4
"0034";72;3
"0035";5;2
"0036";11;4
"0037";56;7
"0038";40;4
"0039";20;3
"0040";30;4
"0041";53;5
"0042";10;4
"0043";20;4
"0044";30;6
"0045";81;3
"0046";40;4
"0047";53;5
"0048";72;8
"0049";40;4
"0050";11;3
"0051";47;5
"0052";36;4
"0053";10;4
"0054";30;4
"0055";47;5
"0056";80;7
"0057";56;7
"0058";80;5
"0059";72;7
"0060";48;5
"0061";80;8
"0062";30;3
"0063";10;4
"0064";10;4
"0065";80;8
"0066";30;4
"0067";10;4
"0068";40;6
"0069";53;5
"0070";10;4
"0071";30;3
"0072";41;4
"0073";82;8
"0074";34;3
"0075";80;8
"0076";30;3
"0077";53;8
"0078";80;7
"0079";32;8
"0080";57;8
"0081";30;4
"0082";10;4
"0083";57;7
"0084";56;7
"0085";20;4
"0086";56;7
"0087";54;6
"0088";30;3
"0089";6;1
"0090";10;4
"0091";47;5
"0092";30;3
"0093";40;4
"0094";80;4
"0095";46;4
"0096";42;4
"0097";20;4
"0098";30;6
"0099";10;6
"0100";10;4
"0101";20;3
"0102";35;6
"0103";30;6
"0104";20;4
"0105";42;4
"0106";10;4
"0107";80;4
"0108";40;3
"0109";56;7
"0110";80;4
"0111";41;4
"0112";81;4
"0113";41;6
"0114";41;6
"0115";10;4
"0116";36;5
"0117";50;3
"0118";10;4
"0119";72;8
"0120";10;4
"0121";56;7
"0122";53;5
"0123";80;5
"0124";34;3
"0125";41;4
"0126";56;7
"0127";81;4
"0128";10;6
"0129";10;6
"0130";10;4
"0131";80;5
"0132";57;5
"0133";82;5
"0134";10;4
"0135";55;7
"0136";10;4
"0137";80;5
"0138";81;4
"0139";10;4
"0140";30;3
"0141";2;1
"0142";99;10
"0143";55;7
"0144";30;6
"0145";10;4
"0146";34;7
"0147";41;4
"0148";72;8
"0149";34;7
"0150";32;4
"0151";72;8
"0152";30;3
"0153";34;3
"0154";80;8
"0155";53;7
"0156";32;8
"0157";30;6
"0158";30;3
"0159";30;4
"0160";20;4
"0161";34;3
"0162";53;5
"0163";72;8
"0164";45;4
"0165";34;3
"0166";31;4
"0167";41;3
"0168";34;3
"0169";10;4
"0170";56;7
"0171";10;4
"0172";57;8
"0173";44;5
"0174";41;4
"0175";5;2
"0176";10;4
"0177";80;7
"0178";10;6
"0179";72;8
"0180";53;7
"0181";10;6
"0182";20;4
"0183";30;3
"0184";41;4
"0185";11;3
"0186";72;8
"0187";30;3
"0188";82;5
"0189";34;5
"0190";32;8
"0191";10;4
"0192";30;3
"0193";10;4
"0194";80;4
"0195";41;4
"0196";5;2
"0197";40;4
"0198";54;8
"0199";53;8
"0200";72;5
"0201";41;6
"0202";10;3
"0203";30;4
"0204";41;4
"0205";53;5
"0206";80;3
"0207";41;4
"0208";53;5
"0209";55;7
"0210";40;4
"0211";72;8
"0212";55;7
"0213";40;4
"0214";56;5
"0215";45;4
"0216";42;4
"0217";92;5
"0218";30;4
"0219";30;4
"0220";72;5
"0221";5;2
"0222";33;8
"0223";41;4
"0224";7;1
"0225";50;6
"0226";72;8
"0227";72;8
"0228";72;5
"0229";30;4
"0230";40;4
"0231";56;7
"0232";56;7
"0233";10;4
"0234";80;3
"0235";42;4
"0236";41;3
"0237";10;6
"0238";41;4
"0239";41;4
"0240";56;7
"0241";55;7
"0242";72;4
"0243";7;1
"0244";11;3
"0245";45;3
"0246";41;4
"0247";72;5
"0248";41;4
"0249";36;7
"0250";10;4
"0251";5;2
"0252";43;4
"0253";56;7
"0254";20;3
"0255";40;4
"0256";41;4
"0257";NA;10
"0258";34;5
"0259";36;5
"0260";5;2
"0261";44;3
"0262";80;5
"0263";6;1
"0264";40;4
"0265";32;5
"0266";40;4
"0267";55;7
"0268";10;4
"0269";41;3
"0270";53;5
"0271";80;7
"0272";55;7
"0273";55;7
"0274";72;8
"0275";32;5
"0276";53;7
"0277";30;3
"0278";20;3
"0279";30;6
"0280";53;7
"0281";72;8
"0282";34;5
"0283";57;8
"0284";72;8
"0285";80;5
"0286";32;5
"0287";72;5
"0288";80;5
"0289";30;3
"0290";10;4
"0291";80;5
"0292";30;3
"0293";33;8
"0294";46;4
"0295";11;4
"0296";80;7
"0297";80;8
"0298";72;8
"0299";53;7
"0300";47;5
"0301";82;8
"0302";72;5
"0303";5;2
"0304";48;5
"0305";36;5
"0306";34;5
"0307";56;5
"0308";6;1
"0309";10;4
"0310";10;4
"0311";56;5
"0312";72;8
"0313";72;8
"0314";72;7
"0315";34;5
"0316";80;5
"0317";20;6
"0318";82;7
"0319";72;8
"0320";72;7
"0321";55;7
"0322";41;4
"0323";72;8
"0324";20;4
"0325";30;4
"0326";32;8
"0327";10;4
"0328";80;8
"0329";34;5
"0330";72;7
"0331";82;8
"0332";80;5
"0333";47;5
"0334";72;7
"0335";33;8
"0336";72;5
"0337";40;6
"0338";40;3
"0339";10;4
"0340";72;8
"0341";72;8
"0342";72;5
"0343";30;6
"0344";34;5
"0345";55;7
"0346";30;6
"0347";56;5
"0348";40;4
"0349";30;3
"0350";5;2
"0351";3;1
"0352";72;8
"0353";40;4
"0354";NA;10
"0355";41;3
"0356";34;5
"0357";30;6
"0358";30;4
"0359";56;5
"0360";NA;10
"0361";10;4
"0362";10;4
"0363";55;7
"0364";30;6
"0365";72;7
"0366";6;1
"0367";56;7
"0368";34;7
"0369";40;4
"0370";34;7
"0371";55;7
"0372";55;7
"0373";48;5
"0374";80;8
"0375";81;6
"0376";72;7
"0377";30;4
"0378";30;6
"0379";32;4
"0380";32;4
"0381";72;8
"0382";10;4
"0383";30;4
"0384";99;10
"0385";40;4
"0386";72;8
"0387";30;4
"0388";72;7
"0389";34;3
"0390";80;7
"0391";33;8
"0392";56;5
"0393";48;5
"0394";36;5
"0395";NA;10
"0396";34;7
"0397";56;5
"0398";80;8
"0399";72;7
"0400";72;5
"0401";36;8
"0402";72;8
"0403";30;3
"0404";56;7
"0405";53;7
"0406";72;8
"0407";53;5
"0408";80;8
"0409";72;8
"0410";72;8
"0411";44;4
"0412";57;7
"0413";56;5
"0414";32;4
"0415";36;5
"0416";40;4
"0417";80;5
"0418";80;7
"0419";72;8
"0420";20;4
"0421";30;3
"0422";72;8
"0423";80;5
"0424";34;5
"0425";82;7
"0426";36;5
"0427";82;8
"0428";30;3
"0429";35;4
"0430";49;5
"0431";57;8
"0432";72;5
"0433";33;8
"0434";5;2
"0435";60;7
"0436";41;4
"0437";10;4
"0438";56;5
"0439";34;7
"0440";82;8
"0441";46;4
"0442";30;4
"0443";82;3
"0444";49;5
"0445";34;5
"0446";72;5
"0447";72;8
"0448";20;4
"0449";57;8
"0450";47;5
"0451";34;5
"0452";NA;10
"0453";55;7
"0454";72;5
"0455";34;5
"0456";80;5
"0457";80;5
"0458";57;7
"0459";53;5
"0460";10;4
"0461";55;7
"0462";72;5
"0463";72;8
"0464";41;4
"0465";10;6
"0466";80;5
"0467";36;5
"0468";55;7
"0469";80;8
"0470";53;7
"0471";92;5
"0472";10;6
"0473";72;8
"0474";10;6
"0475";56;5
"0476";40;4
"0477";30;6
"0478";53;5
"0479";41;4
"0480";41;4
"0481";80;3
"0482";30;4
"0483";20;6
"0484";80;8
"0485";41;3
"0486";3;1
"0487";82;5
"0488";30;3
"0489";7;1
"0490";55;7
"0491";80;5
"0492";31;3
"0493";58;8
"0494";80;8
"0495";72;8
"0496";72;5
"0497";5;2
"0498";55;7
"0499";72;5
"0500";72;4
"0501";55;7
"0502";99;10
"0503";47;5
"0504";48;5
"0505";80;5
"0506";56;5
"0507";44;4
"0508";34;5
"0509";30;3
"0510";30;6
"0511";56;5
"0512";56;5
"0513";82;3
"0514";55;7
"0515";20;4
"0516";35;4
"0517";72;8
"0518";80;7
"0519";48;5
"0520";72;8
"0521";47;5
"0522";5;2
"0523";80;5
"0524";43;4
"0525";NA;10
"0526";58;8
"0527";32;7
"0528";53;7
"0529";48;5
"0530";34;5
"0531";34;5
"0532";5;2
"0533";72;5
"0534";34;5
"0535";34;5
"0536";58;5
"0537";20;4
"0538";72;8
"0539";72;8
"0540";72;8
"0541";30;3
"0542";48;5
"0543";30;6
"0544";80;5
"0545";56;5
"0546";10;4
"0547";72;8
"0548";56;5
"0549";53;7
"0550";30;4
"0551";34;3
"0552";80;7
"0553";58;8
"0554";33;8
"0555";41;6
"0556";NA;10
"0557";30;6
"0558";41;4
"0559";10;3
"0560";41;4
"0561";5;2
"0562";72;7
"0563";58;7
"0564";55;7
"0565";20;4
"0566";80;8
"0567";80;8
"0568";30;6
"0569";30;6
"0570";30;3
"0571";58;3
"0572";56;5
"0573";80;5
"0574";60;8
"0575";53;7
"0576";92;5
"0577";5;2
"0578";41;4
"0579";41;3
"0580";10;4
"0581";53;5
"0582";55;7
"0583";32;5
"0584";20;6
"0585";34;5
"0586";55;7
"0587";40;3
"0588";40;6
"0589";55;7
"0590";10;4
"0591";40;3
"0592";20;4
"0593";32;6
"0594";40;4
"0595";55;7
"0596";72;5
"0597";60;5
"0598";72;8
"0599";35;4
"0600";58;7
"0601";40;6
"0602";55;7
"0603";72;5
"0604";34;5
"0605";NA;10
"0606";91;4
"0607";72;5
"0608";80;7
"0609";41;4
"0610";41;4
"0611";72;7
"0612";34;7
"0613";80;5
"0614";30;6
"0615";53;7
"0616";30;6
"0617";48;5
"0618";47;3
"0619";36;5
"0620";49;4
"0621";11;4
"0622";82;8
"0623";41;4
"0624";41;4
"0625";41;4
"0626";34;5
"0627";80;8
"0628";34;5
"0629";80;5
"0630";34;5
"0631";55;7
"0632";20;4
"0633";34;3
"0634";20;4
"0635";82;7
"0636";46;4
"0637";57;5
"0638";41;4
"0639";40;6
"0640";72;8
"0641";32;5
"0642";41;4
"0643";10;6
"0644";36;5
"0645";82;7
"0646";35;4
"0647";72;8
"0648";80;5
"0649";55;7
"0650";30;6
"0651";72;5
"0652";55;7
"0653";57;7
"0654";34;5
"0655";80;5
"0656";42;4
"0657";10;4
"0658";30;4
"0659";99;10
"0660";56;5
"0661";30;3
"0662";36;5
"0663";10;4
"0664";5;2
"0665";32;4
"0666";41;4
"0667";31;3
"0668";10;4
"0669";72;8
"0670";34;7
"0671";34;3
"0672";72;8
"0673";41;4
"0674";72;8
"0675";40;6
"0676";34;3
"0677";41;3
"0678";81;3
"0679";72;8
"0680";82;8
"0681";40;3
"0682";41;3
"0683";72;8
"0684";72;8
"0685";53;5
"0686";72;5
"0687";30;4
"0688";6;1
"0689";41;4
"0690";30;6
"0691";57;5
"0692";10;4
"0693";53;5
"0694";10;4
"0695";30;3
"0696";82;8
"0697";34;5
"0698";82;8
"0699";30;4
"0700";57;8
"0701";30;3
"0702";10;4
"0703";57;8
"0704";72;8
"0705";80;7
"0706";20;4
"0707";82;8
"0708";72;8
"0709";40;3
"0710";32;4
"0711";41;4
"0712";55;7
"0713";41;4
"0714";31;3
"0715";80;8
"0716";31;3
"0717";10;4
"0718";34;5
"0719";6;1
"0720";50;4
"0721";80;8
"0722";72;8
"0723";57;8
"0724";80;5
"0725";64;5
"0726";72;7
"0727";34;5
"0728";30;6
"0729";30;6
"0730";34;3
"0731";34;5
"0732";20;3
"0733";30;3
"0734";72;7
"0735";34;7
"0736";44;4
"0737";34;5
"0738";10;4
"0739";20;4
"0740";5;2
"0741";80;5
"0742";32;4
"0743";72;8
"0744";80;4
"0745";48;5
"0746";57;8
"0747";41;4
"0748";72;4
"0749";5;2
"0750";34;5
"0751";48;5
"0752";47;5
"0753";72;5
"0754";55;7
"0755";72;7
"0756";55;7
"0757";72;5
"0758";56;5
"0759";40;4
"0760";72;5
"0761";30;4
"0762";55;7
"0763";34;3
"0764";72;8
"0765";40;4
"0766";34;3
"0767";72;8
"0768";57;8
"0769";58;8
"0770";30;6
"0771";72;7
"0772";72;8
"0773";34;3
"0774";34;3
"0775";34;5
"0776";34;5
"0777";80;5
"0778";72;5
"0779";57;7
"0780";10;4
"0781";10;4
"0782";34;3
"0783";72;5
"0784";72;5
"0785";72;7
"0786";20;4
"0787";72;7
"0788";53;5
"0789";55;7
"0790";56;5
"0791";57;7
"0792";72;8
"0793";72;8
"0794";72;3
"0795";56;5
"0796";40;3
"0797";58;7
"0798";7;1
"0799";41;4
"0800";30;3
"0801";82;3
"0802";56;5
"0803";40;4
"0804";41;4
"0805";47;5
"0806";34;5
"0807";80;5
"0808";80;5
"0809";55;7
"0810";58;8
"0811";80;5
"0812";80;8
"0813";53;5
"0814";34;5
"0815";30;3
"0816";10;4
"0817";72;5
"0818";72;8
"0819";72;8
"0820";72;8
"0821";72;8
"0822";72;7
"0823";34;3
"0824";30;3
"0825";72;8
"0826";80;8
"0827";30;3
"0828";58;8
"0829";72;8
"0830";40;3
"0831";48;5
"0832";56;7
"0833";80;5
"0834";72;5
"0835";72;8
"0836";55;7
"0837";80;5
"0838";80;5
"0839";NA;10
"0840";36;5
"0841";40;3
"0842";56;5
"0843";57;8
"0844";48;5
"0845";47;5
"0846";72;8
"0847";56;5
"0848";NA;10
"0849";53;NA
"0850";80;6
"0851";80;6
"0852";10;4
"0853";3;1
"0854";57;7
"0855";53;7
"0856";30;6
"0857";7;1
"0858";80;4
"0859";20;4
"0860";30;3
"0861";48;5
"0862";30;3
"0863";11;4
"0864";NA;10
"0865";30;4
"0866";34;5
"0867";11;4
"0868";55;7
"0869";56;5
"0870";30;6
"0871";72;5
"0872";40;4
"0873";72;7
"0874";30;6
"0875";34;7
"0876";31;4
"0877";80;5
"0878";NA;10
"0879";80;7
"0880";56;5
"0881";34;5
"0882";80;5
"0883";30;6
"0884";NA;10
"0885";82;8
"0886";80;4
"0887";32;8
"0888";NA;10
"0889";30;3
"0890";80;8
"0891";55;7
"0892";30;6
"0893";72;5
"0894";35;4
"0895";80;5
"0896";30;3
"0897";57;8
"0898";56;7
"0899";34;3
"0900";35;5
"0901";30;3
"0902";5;2
"0903";55;7
"0904";72;5
"0905";34;3
"0906";55;7
"0907";41;4
"0908";10;6
"0909";5;2
"0910";30;3
"0911";41;4
"0912";30;6
"0913";57;7
"0914";72;7
"0915";82;7
"0916";53;5
"0917";46;4
"0918";80;5
"0919";5;2
"0920";33;8
"0921";57;8
"0922";47;7
"0923";80;5
"0924";30;4
"0925";82;8
"0926";10;4
"0927";72;8
"0928";40;4
"0929";10;4
"0930";80;5
"0931";72;7
"0932";55;7
"0933";34;5
"0934";48;5
"0935";10;6
"0936";47;5
"0937";41;4
"0938";80;5
"0939";10;4
"0940";80;5
"0941";80;7
"0942";72;8
"0943";56;5
"0944";80;5
"0945";34;5
"0946";80;7
"0947";80;5
"0948";34;5
"0949";80;5
"0950";30;4
"0951";72;5
"0952";55;7
"0953";80;5
"0954";41;4
"0955";72;8
"0956";40;4
"0957";72;7
"0958";34;5
"0959";80;8
"0960";55;7
"0961";34;5
"0962";55;7
"0963";47;5
"0964";72;7
"0965";41;4
"0966";44;4
"0967";72;7
"0968";82;5
"0969";49;5
"0970";34;5
"0971";34;5
"0972";82;8
"0973";72;8
"0974";72;7
"0975";53;8
"0976";80;5
"0977";20;4
"0978";72;8
"0979";72;7
"0980";34;5
"0981";56;5
"0982";5;2
"0983";72;8
"0984";30;3
"0985";55;7
"0986";72;8
"0987";56;5
"0988";57;7
"0989";55;7
"0990";90;5
"0991";30;6
"0992";34;5
"0993";57;5
"0994";80;5
"0995";40;4
"0996";57;8
"0997";30;3
"0998";82;7
"0999";80;5
"1000";55;7
"1001";80;7
"1002";80;5
"1003";80;5
"1004";34;5
"1005";56;5
"1006";34;5
"1007";80;5
"1008";82;7
"1009";61;8
"1010";55;7
"1011";80;7
"1012";72;8
"1013";33;8
"1014";56;5
"1015";80;7
"1016";57;7
"1017";34;3
"1018";34;5
"1019";50;3
"1020";34;5
"1021";30;6
"1022";56;7
"1023";10;6
"1024";34;5
"1025";72;8
"1026";30;6
"1027";5;2
"1028";72;5
"1029";41;4
"1030";72;5
"1031";53;7
"1032";82;5
"1033";57;5
"1034";80;8
"1035";90;5
"1036";7;1
"1037";41;4
"1038";20;4
"1039";30;3
"1040";55;7
"1041";34;3
"1042";80;5
"1043";40;6
"1044";58;3
"1045";30;3
"1046";30;3
"1047";80;5
"1048";56;5
"1049";35;3
"1050";80;5
"1051";NA;10
"1052";30;3
"1053";30;4
"1054";30;3
"1055";34;3
"1056";34;5
"1057";80;5
"1058";30;3
"1059";57;8
"1060";41;4
"1061";41;4
"1062";40;3
"1063";5;2
"1064";40;3
"1065";82;8
"1066";30;4
"1067";72;8
"1068";10;4
"1069";40;4
"1070";41;4
"1071";20;4
"1072";31;6
"1073";90;5
"1074";11;4
"1075";41;4
"1076";41;4
"1077";5;2
"1078";48;5
"1079";34;5
"1080";10;4
"1081";3;1
"1082";40;4
"1083";47;5
"1084";34;5
"1085";5;2
"1086";45;4
"1087";43;6
"1088";47;5
"1089";40;4
"1090";36;5
"1091";41;4
"1092";40;3
"1093";41;4
"1094";72;8
"1095";41;4
"1096";40;3
"1097";10;4
"1098";11;4
"1099";80;8
"1100";99;10
"1101";41;4
"1102";40;3
"1103";5;2
"1104";80;8
"1105";30;3
"1106";10;4
"1107";82;5
"1108";53;7
"1109";20;6
"1110";30;3
"1111";53;7
"1112";56;5
"1113";10;4
"1114";34;3
"1115";30;4
"1116";30;4
"1117";80;8
"1118";41;4
"1119";50;3
"1120";80;5
"1121";40;4
"1122";48;5
"1123";40;3
"1124";53;5
"1125";56;5
"1126";10;6
"1127";72;8
"1128";72;8
"1129";30;4
"1130";34;5
"1131";30;3
"1132";40;4
"1133";10;6
"1134";46;6
"1135";55;7
"1136";53;8
"1137";72;5
"1138";32;8
"1139";10;4
"1140";10;4
"1141";90;5
"1142";72;7
"1143";40;4
"1144";40;4
"1145";48;5
"1146";30;3
"1147";48;5
"1148";10;4
"1149";48;5
"1150";10;4
"1151";56;5
"1152";43;4
"1153";48;4
"1154";72;5
"1155";82;8
"1156";10;4
"1157";51;7
"1158";51;7
"1159";30;4
"1160";72;3
"1161";5;2
"1162";72;8
"1163";72;8
"1164";50;3
"1165";80;5
"1166";46;4
"1167";5;2
"1168";80;8
"1169";34;5
"1170";53;5
"1171";30;6
"1172";34;3
"1173";72;8
"1174";57;7
"1175";72;8
"1176";72;8
"1177";80;5
"1178";53;7
"1179";40;3
"1180";20;3
"1181";81;4
"1182";10;4
"1183";53;5
"1184";71;4
"1185";41;4
"1186";40;4
"1187";70;5
"1188";82;8
"1189";41;4
"1190";41;3
"1191";40;4
"1192";40;3
"1193";57;7
"1194";30;4
"1195";34;3
"1196";57;7
"1197";53;5
"1198";30;6
"1199";30;6
"1200";30;6
"1201";57;8
"1202";33;8
"1203";20;4
"1204";10;4
"1205";40;4
"1206";40;3
"1207";82;8
"1208";57;8
"1209";5;2
"1210";11;4
"1211";53;8
"1212";11;4
"1213";11;4
"1214";41;4
"1215";80;3
"1216";30;3
"1217";10;6
"1218";40;3
"1219";55;7
"1220";57;7
"1221";72;8
"1222";40;4
"1223";72;7
"1224";NA;10
"1225";10;6
"1226";72;7
"1227";41;6
"1228";11;6
"1229";10;4
"1230";41;6
"1231";41;6
"1232";72;6
"1233";60;5
"1234";32;4
"1235";34;5
"1236";48;5
"1237";72;8
"1238";80;5
"1239";NA;10
"1240";10;4
"1241";30;3
"1242";41;4
"1243";80;8
"1244";53;7
"1245";72;7
"1246";57;7
"1247";41;4
"1248";30;6
"1249";58;8
"1250";5;2
"1251";41;3
"1252";55;7
"1253";55;7
"1254";72;8
"1255";72;5
"1256";33;8
"1257";72;5
"1258";72;8
"1259";30;4
"1260";5;2
"1261";49;5
"1262";55;7
"1263";56;5
"1264";34;5
"1265";72;7
"1266";40;4
"1267";30;6
"1268";34;5
"1269";99;10
"1270";57;7
"1271";40;3
"1272";41;4
"1273";72;8
"1274";30;6
"1275";41;4
"1276";34;5
"1277";31;4
"1278";30;6
"1279";80;5
"1280";30;4
"1281";60;7
"1282";72;4
"1283";40;3
"1284";57;7
"1285";53;5
"1286";56;7
"1287";40;3
"1288";41;4
"1289";30;3
"1290";32;4
"1291";82;5
"1292";56;5
"1293";82;8
"1294";10;6
"1295";30;4
"1296";11;4
"1297";99;NA
"1298";72;7
"1299";56;5
"1300";NA;10
"1301";72;7
"1302";30;4
"1303";53;5
"1304";10;4
"1305";55;7
"1306";55;7
"1307";10;6
"1308";30;3
"1309";47;5
"1310";34;5
"1311";72;8
"1312";80;8
"1313";10;4
"1314";54;3
"1315";6;1
"1316";10;4
"1317";30;3
"1318";30;6
"1319";41;4
"1320";10;4
"1321";5;2
"1322";NA;10
"1323";30;3
"1324";47;5
"1325";82;8
"1326";53;8
"1327";55;7
"1328";20;4
"1329";34;5
"1330";72;8
"1331";71;4
"1332";NA;10
"1333";57;7
"1334";40;4
"1335";NA;10
"1336";72;8
"1337";80;5
"1338";82;8
"1339";30;6
"1340";NA;9
"1341";5;2
"1342";82;7
"1343";NA;10
"1344";80;5
"1345";41;6
"1346";5;2
"1347";5;2
"1348";5;2
"1349";82;8
"1350";57;7
"1351";80;5
"1352";34;3
"1353";5;2
"1354";34;5
"1355";30;6
"1356";53;7
"1357";56;5
"1358";56;7
"1359";55;7
"1360";72;8
"1361";30;3
"1362";56;5
"1363";55;7
"1364";47;7
"1365";10;4
"1366";80;5
"1367";53;8
"1368";56;5
"1369";10;4
"1370";30;6
"1371";82;8
"1372";20;3
"1373";40;3
"1374";20;4
"1375";72;7
"1376";34;5
"1377";92;5
"1378";36;5
"1379";72;5
"1380";41;4
"1381";56;5
"1382";41;4
"1383";11;3
"1384";30;6
"1385";82;5
"1386";56;7
"1387";57;8
"1388";81;4
"1389";30;6
"1390";80;7
"1391";43;3
"1392";40;4
"1393";72;5
"1394";72;8
"1395";60;8
"1396";36;5
"1397";41;4
"1398";81;3
"1399";82;8
"1400";57;8
"1401";31;3
"1402";80;5
"1403";10;4
"1404";56;5
"1405";30;3
"1406";40;4
"1407";40;3
"1408";72;7
"1409";34;3
"1410";80;7
"1411";57;7
"1412";80;5
"1413";55;7
"1414";56;5
"1415";82;8
"1416";11;3
"1417";34;7
"1418";40;4
"1419";36;7
"1420";57;7
"1421";10;4
"1422";82;7
"1423";72;7
"1424";30;4
"1425";10;4
"1426";40;4
"1427";30;3
"1428";70;5
"1429";10;4
"1430";43;4
"1431";53;5
"1432";80;5
"1433";80;5
"1434";20;4
"1435";20;6
"1436";40;4
"1437";30;3
"1438";32;4
"1439";72;5
"1440";34;3
"1441";72;8
"1442";56;5
"1443";34;5
"1444";49;5
"1445";6;1
"1446";55;7
"1447";55;7
"1448";41;4
"1449";80;5
"1450";58;8
"1451";10;4
"1452";30;4
"1453";30;3
"1454";80;5
"1455";55;7
"1456";30;3
"1457";34;5
"1458";40;6
"1459";53;5
"1460";72;8
"1461";80;5
"1462";56;5
"1463";72;8
"1464";80;5
"1465";40;4
"1466";82;7
"1467";72;3
"1468";34;3
"1469";40;4
"1470";57;7
"1471";80;5
"1472";10;4
"1473";47;5
"1474";NA;10
"1475";57;7
"1476";72;8
"1477";82;7
"1478";30;3
"1479";56;7
"1480";40;4
"1481";10;4
"1482";72;7
"1483";56;7
"1484";56;5
"1485";10;4
"1486";55;7
"1487";10;4
"1488";56;5
"1489";80;5
"1490";58;3
"1491";80;5
"1492";10;4
"1493";72;8
"1494";10;4
"1495";72;7
"1496";10;4
"1497";45;4
"1498";72;8
"1499";80;5
"1500";34;5
"1501";53;5
"1502";57;7
"1503";34;5
"1504";30;3
"1505";80;5
"1506";55;7
"1507";34;5
"1508";36;7
"1509";72;7
"1510";47;5
"1511";53;5
"1512";57;8
"1513";10;4
"1514";72;8
"1515";6;1
"1516";48;5
"1517";10;4
"1518";34;5
"1519";10;4
"1520";40;4
"1521";91;4
"1522";6;1
"1523";80;7
"1524";41;4
"1525";11;6
"1526";72;8
"1527";72;4
"1528";41;4
"1529";20;3
"1530";34;5
"1531";41;4
"1532";55;7
"1533";10;4
"1534";34;7
"1535";41;4
"1536";82;8
"1537";40;3
"1538";34;5
"1539";81;4
"1540";80;5
"1541";48;5
"1542";80;5
"1543";56;5
"1544";61;5
"1545";80;5
"1546";72;8
"1547";53;7
"1548";80;5
"1549";34;5
"1550";30;4
"1551";41;4
"1552";10;4
"1553";58;5
"1554";10;4
"1555";47;5
"1556";80;5
"1557";36;5
"1558";30;3
"1559";40;4
"1560";80;5
"1561";40;4
"1562";30;3
"1563";80;8
"1564";60;5
"1565";55;7
"1566";11;4
"1567";30;6
"1568";10;4
"1569";80;5
"1570";99;10
"1571";41;4
"1572";10;4
"1573";6;1
"1574";42;4
"1575";3;1
"1576";5;2
"1577";6;1
"1578";5;2
"1579";41;4
"1580";34;3
"1581";40;4
"1582";72;7
"1583";30;3
"1584";40;6
"1585";80;8
"1586";56;5
"1587";56;5
"1588";57;7
"1589";34;5
"1590";58;5
"1591";56;5
"1592";34;5
"1593";53;7
"1594";20;4
"1595";11;4
"1596";6;1
"1597";10;4
"1598";10;4
"1599";40;3
"1600";40;3
"1601";6;1
"1602";72;8
"1603";80;5
"1604";5;2
"1605";56;5
"1606";80;5
"1607";30;6
"1608";5;2
"1609";10;4
"1610";80;8
"1611";90;5
"1612";5;2
"1613";10;4
"1614";30;6
"1615";80;5
"1616";40;4
"1617";10;4
"1618";5;2
"1619";40;4
"1620";81;3
"1621";43;3
"1622";41;4
"1623";41;3
"1624";30;4
"1625";47;5
"1626";80;8
"1627";72;8
"1628";34;7
"1629";72;8
"1630";36;5
"1631";80;5
"1632";72;5
"1633";41;4
"1634";41;4
"1635";41;4
"1636";41;3
"1637";10;4
"1638";56;5
"1639";44;4
"1640";80;5
"1641";72;8
"1642";30;6
"1643";72;5
"1644";5;2
"1645";72;7
"1646";30;4
"1647";57;7
"1648";30;6
"1649";10;6
"1650";52;4
"1651";34;5
"1652";72;7
"1653";34;5
"1654";72;5
"1655";80;5
"1656";30;6
"1657";34;5
"1658";30;3
"1659";30;6
"1660";72;7
"1661";56;5
"1662";20;4
"1663";41;4
"1664";90;5
"1665";82;7
"1666";80;5
"1667";47;7
"1668";72;7
"1669";72;7
"1670";72;5
"1671";52;4
"1672";72;7
"1673";72;5
"1674";80;5
"1675";80;8
"1676";90;5
"1677";30;4
"1678";92;3
"1679";80;5
"1680";57;7
"1681";72;7
"1682";55;7
"1683";30;6
"1684";72;7
"1685";58;8
"1686";91;4
"1687";33;8
"1688";40;4
"1689";80;5
"1690";72;5
"1691";41;4
"1692";34;5
"1693";80;8
"1694";72;5
"1695";10;4
"1696";34;5
"1697";55;7
"1698";55;7
"1699";20;4
"1700";82;8
"1701";34;5
"1702";10;6
"1703";53;5
"1704";57;8
"1705";56;5
"1706";72;7
"1707";30;6
"1708";30;6
"1709";5;2
"1710";82;7
"1711";41;4
"1712";10;4
"1713";NA;10
"1714";53;7
"1715";32;5
"1716";56;7
"1717";5;2
"1718";61;5
"1719";40;4
"1720";80;8
"1721";NA;10
"1722";99;9
"1723";34;5
"1724";41;4
"1725";80;5
"1726";10;4
"1727";72;7
"1728";34;7
"1729";34;5
"1730";34;5
"1731";44;4
"1732";41;4
"1733";53;7
"1734";55;7
"1735";30;3
"1736";40;4
"1737";63;8
"1738";34;3
"1739";56;5
"1740";5;2
"1741";40;4
"1742";5;2
"1743";34;5
"1744";10;4
"1745";34;5
"1746";99;10
"1747";72;6
"1748";80;8
"1749";45;4
"1750";55;7
"1751";47;7
"1752";55;7
"1753";20;4
"1754";5;2
"1755";80;5
"1756";40;4
"1757";20;4
"1758";82;8
"1759";50;6
"1760";47;5
"1761";41;4
"1762";80;7
"1763";40;3
"1764";30;3
"1765";34;5
"1766";80;7
"1767";80;8
"1768";30;4
"1769";80;5
"1770";55;7
"1771";30;6
"1772";82;8
"1773";72;7
"1774";33;8
"1775";62;8
"1776";72;7
"1777";30;6
"1778";60;5
"1779";60;7
"1780";34;5
"1781";72;8
"1782";56;7
"1783";82;8
"1784";20;4
"1785";80;8
"1786";81;4
"1787";80;8
"1788";NA;10
"1789";30;6
"1790";72;5
"1791";30;4
"1792";80;4
"1793";55;7
"1794";30;3
"1795";41;4
"1796";82;5
"1797";72;4
"1798";57;8
"1799";10;4
"1800";57;8
"1801";34;3
"1802";72;8
"1803";40;4
"1804";81;4
"1805";5;2
"1806";41;4
"1807";40;3
"1808";34;3
"1809";34;5
"1810";72;7
"1811";80;5
"1812";55;7
"1813";10;4
"1814";30;6
"1815";5;2
"1816";80;5
"1817";72;8
"1818";41;4
"1819";80;5
"1820";55;7
"1821";33;8
"1822";20;3
"1823";58;3
"1824";41;4
"1825";55;7
"1826";47;5
"1827";72;7
"1828";55;7
"1829";80;8
"1830";82;5
"1831";80;5
"1832";58;8
"1833";80;8
"1834";55;7
"1835";30;3
"1836";81;4
"1837";46;4
"1838";72;8
"1839";10;4
"1840";41;4
"1841";53;7
"1842";72;8
"1843";34;5
"1844";20;6
"1845";82;8
"1846";5;2
"1847";53;8
"1848";11;4
"1849";72;4
"1850";72;8
"1851";35;4
"1852";55;7
"1853";30;3
"1854";34;7
"1855";30;4
"1856";72;4
"1857";80;8
"1858";48;5
"1859";34;5
"1860";10;4
"1861";55;7
"1862";32;6
"1863";5;2
"1864";5;2
"1865";53;5
"1866";80;5
"1867";80;5
"1868";10;4
"1869";53;5
"1870";10;4
"1871";30;3
"1872";34;7
"1873";41;4
"1874";5;2
"1875";10;4
"1876";41;4
"1877";NA;10
"1878";20;4
"1879";30;4
"1880";32;4
"1881";50;3
"1882";99;NA
"1883";41;6
"1884";53;7
"1885";72;8
"1886";10;4
"1887";53;5
"1888";10;4
"1889";80;7
"1890";10;4
"1891";40;3
"1892";48;5
"1893";35;4
"1894";72;7
"1895";10;6
"1896";11;3
"1897";72;8
"1898";10;4
"1899";57;7
"1900";57;8
"1901";41;4
"1902";34;7
"1903";30;6
"1904";20;3
"1905";40;3
"1906";11;6
"1907";82;8
"1908";41;6
"1909";41;6
"1910";40;6
"1911";41;6
"1912";5;2
"1913";3;2
"1914";72;8
"1915";72;7
"1916";20;4
"1917";5;2
"1918";34;5
"1919";57;8
"1920";48;4
"1921";30;3
"1922";80;7
"1923";55;7
"1924";57;8
"1925";53;8
"1926";35;5
"1927";41;4
"1928";58;7
"1929";6;1
"1930";56;5
"1931";56;7
"1932";34;3
"1933";48;5
"1934";5;2
"1935";57;5
"1936";30;3
"1937";10;4
"1938";30;6
"1939";41;4
"1940";40;3
"1941";72;7
"1942";82;8
"1943";45;3
"1944";32;5
"1945";50;3
"1946";46;4
"1947";41;4
"1948";72;8
"1949";40;3
"1950";10;4
"1951";30;6
"1952";30;4
"1953";46;4
"1954";6;1
"1955";42;4
"1956";41;4
"1957";72;7
"1958";35;4
"1959";57;8
"1960";30;4
"1961";31;5
"1962";92;5
"1963";20;4
"1964";48;5
"1965";80;8
"1966";30;3
"1967";80;8
"1968";41;4
"1969";10;4
"1970";10;3
"1971";20;3
"1972";72;7
"1973";58;5
"1974";72;8
"1975";57;7
"1976";30;4
"1977";41;4
"1978";5;2
"1979";5;2
"1980";63;8
"1981";3;1
"1982";36;4
"1983";99;10
"1984";60;6
"1985";34;7
"1986";80;7
"1987";11;4
"1988";53;8
"1989";53;8
"1990";40;6
"1991";46;4
"1992";41;4
"1993";57;7
"1994";60;4
"1995";31;4
"1996";41;4
"1997";58;5
"1998";10;4
"1999";10;4
"2000";30;6
"2001";55;7
"2002";56;5
"2003";41;4
"2004";72;8
"2005";30;3
"2006";56;8
"2007";72;8
"2008";10;6
"2009";80;5
"2010";55;7
"2011";30;6
"2012";30;4
"2013";30;4
"2014";6;1
"2015";10;4
"2016";41;4
"2017";92;7
"2018";55;7
"2019";30;4
"2020";57;7
"2021";41;4
"2022";40;4
"2023";5;2
"2024";6;1
"2025";40;4
"2026";81;6
"2027";11;3
"2028";41;4
"2029";41;4
"2030";72;7
"2031";72;7
"2032";48;5
"2033";57;8
"2034";80;8
"2035";57;5
"2036";10;4
"2037";47;7
"2038";10;6
"2039";41;6
"2040";56;7
"2041";10;6
"2042";41;4
"2043";30;3
"2044";41;6
"2045";30;6
"2046";41;4
"2047";5;2
"2048";20;4
"2049";10;4
"2050";56;5
"2051";30;3
"2052";41;4
"2053";55;7
"2054";72;7
"2055";41;4
"2056";51;3
"2057";80;8
"2058";72;8
"2059";34;3
"2060";48;5
"2061";5;2
"2062";41;4
"2063";40;3
"2064";82;8
"2065";32;4
"2066";30;4
"2067";20;4
"2068";55;7
"2069";56;7
"2070";55;7
"2071";56;7
"2072";56;5
"2073";10;4
"2074";20;4
"2075";30;6
"2076";72;4
"2077";34;5
"2078";49;4
"2079";82;8
"2080";41;4
"2081";57;8
"2082";34;3
"2083";82;8
"2084";72;8
"2085";30;6
"2086";34;3
"2087";58;8
"2088";72;8
"2089";56;5
"2090";47;5
"2091";41;4
"2092";36;5
"2093";41;4
"2094";10;4
"2095";6;1
"2096";NA;10
"2097";72;8
"2098";10;6
"2099";41;4
"2100";10;4
"2101";10;4
"2102";NA;10
"2103";30;3
"2104";80;5
"2105";40;4
"2106";6;1
"2107";41;4
"2108";41;4
"2109";72;8
"2110";72;5
"2111";72;5
"2112";30;4
"2113";30;6
"2114";NA;9
"2115";57;8
"2116";30;6
"2117";55;7
"2118";47;5
"2119";30;3
"2120";55;7
"2121";80;5
"2122";30;3
"2123";72;8
"2124";72;7
"2125";72;8
"2126";58;8
"2127";40;6
"2128";30;3
"2129";33;8
"2130";72;8
"2131";20;3
"2132";49;5
"2133";72;8
"2134";57;7
"2135";72;8
"2136";55;7
"2137";47;5
"2138";80;7
"2139";72;8
"2140";3;1
"2141";NA;9
"2142";56;5
"2143";80;8
"2144";49;5
"2145";10;4
"2146";72;8
"2147";56;5
"2148";55;7
"2149";56;7
"2150";72;8
"2151";10;4
"2152";30;4
"2153";72;8
"2154";56;5
"2155";80;7
"2156";30;4
"2157";60;5
"2158";60;7
"2159";30;6
"2160";10;4
"2161";48;5
"2162";72;8
"2163";47;5
"2164";53;5
"2165";10;4
"2166";72;8
"2167";80;8
"2168";34;5
"2169";60;7
"2170";30;3
"2171";82;8
"2172";99;10
"2173";NA;10
"2174";32;5
"2175";72;5
"2176";41;6
"2177";55;7
"2178";42;4
"2179";NA;9
"2180";56;7
"2181";7;1
"2182";5;2
"2183";80;5
"2184";57;5
"2185";47;5
"2186";53;8
"2187";7;1
"2188";80;7
"2189";10;4
"2190";48;5
"2191";57;5
"2192";40;4
"2193";80;8
"2194";34;5
"2195";47;7
"2196";40;4
"2197";30;4
"2198";10;4
"2199";30;6
"2200";10;6
"2201";41;4
"2202";30;3
"2203";48;5
"2204";41;4
"2205";99;10
"2206";60;5
"2207";10;4
"2208";56;5
"2209";34;5
"2210";80;7
"2211";34;3
"2212";10;4
"2213";57;8
"2214";53;7
"2215";99;10
"2216";55;7
"2217";11;4
"2218";40;6
"2219";30;4
"2220";34;7
"2221";46;4
"2222";NA;10
"2223";92;3
"2224";80;5
"2225";10;6
"2226";72;5
"2227";80;5
"2228";40;4
"2229";10;4
"2230";43;3
"2231";82;8
"2232";56;5
"2233";55;7
"2234";48;5
"2235";20;6
"2236";55;7
"2237";32;4
"2238";99;10
"2239";72;3
"2240";55;7
"2241";40;4
"2242";56;5
"2243";72;4
"2244";6;1
"2245";41;4
"2246";30;3
"2247";10;4
"2248";72;6
"2249";47;5
"2250";57;7
"2251";47;5
"2252";NA;10
"2253";48;5
"2254";56;5
"2255";80;5
"2256";48;5
"2257";53;8
"2258";30;4
"2259";58;7
"2260";55;7
"2261";81;6
"2262";NA;10
"2263";58;7
"2264";81;6
"2265";20;4
"2266";10;6
"2267";99;10
"2268";NA;10
"2269";20;4
"2270";82;7
"2271";10;4
"2272";72;4
"2273";41;3
"2274";72;5
"2275";34;5
"2276";55;7
"2277";56;5
"2278";20;6
"2279";80;5
"2280";NA;10
"2281";55;7
"2282";34;5
"2283";72;3
"2284";82;5
"2285";NA;10
"2286";56;5
"2287";47;5
"2288";82;8
"2289";30;6
"2290";72;8
"2291";30;3
"2292";80;5
"2293";5;2
"2294";20;6
"2295";70;5
"2296";30;4
"2297";40;4
"2298";10;4
"2299";41;4
"2300";41;4
"2301";99;9
"2302";34;7
"2303";57;7
"2304";56;7
"2305";55;7
"2306";20;4
"2307";40;4
"2308";41;4
"2309";41;4
"2310";6;1
"2311";45;3
"2312";30;6
"2313";54;6
"2314";NA;9
"2315";57;8
"2316";57;8
"2317";3;1
"2318";45;4
"2319";41;4
"2320";10;4
"2321";41;4
"2322";53;7
"2323";41;3
"2324";34;5
"2325";57;8
"2326";92;3
"2327";82;3
"2328";58;3
"2329";70;5
"2330";30;6
"2331";20;4
"2332";10;6
"2333";30;6
"2334";10;4
"2335";10;4
"2336";34;7
"2337";20;4
"2338";30;4
"2339";34;7
"2340";80;5
"2341";56;5
"2342";41;4
"2343";10;4
"2344";34;5
"2345";30;4
"2346";92;5
"2347";34;5
"2348";56;5
"2349";72;5
"2350";5;2
"2351";10;4
"2352";90;5
"2353";34;5
"2354";34;5
"2355";30;4
"2356";99;10
"2357";70;5
"2358";70;5
"2359";48;5
"2360";92;7
"2361";46;6
"2362";71;4
"2363";57;7
"2364";72;5
"2365";53;8
"2366";49;4
"2367";80;5
"2368";6;1
"2369";72;8
"2370";32;5
"2371";34;5
"2372";45;4
"2373";41;4
"2374";10;6
"2375";34;5
"2376";57;8
"2377";20;4
"2378";34;5
"2379";20;3
"2380";20;4
"2381";30;4
"2382";41;3
"2383";40;6
"2384";10;4
"2385";40;4
"2386";80;5
"2387";30;3
"2388";40;4
"2389";3;1
"2390";58;8
"2391";NA;10
"2392";5;2
"2393";55;7
"2394";56;5
"2395";55;7
"2396";10;4
"2397";72;8
"2398";53;7
"2399";31;6
"2400";40;4
"2401";72;7
"2402";55;7
"2403";10;6
"2404";57;7
"2405";41;4
"2406";41;4
"2407";57;7
"2408";34;5
"2409";57;7
"2410";48;4
"2411";34;5
"2412";55;7
"2413";10;4
"2414";55;7
"2415";41;4
"2416";55;7
"2417";57;7
"2418";10;4
"2419";57;8
"2420";55;7
"2421";55;7
"2422";90;5
"2423";57;8
"2424";72;5
"2425";72;4
"2426";57;7
"2427";41;4
"2428";82;8
"2429";55;7
"2430";41;4
"2431";72;7
"2432";61;8
"2433";60;5
"2434";82;7
"2435";43;3
"2436";30;3
"2437";47;5
"2438";72;8
"2439";47;5
"2440";10;4
"2441";72;8
"2442";61;8
"2443";57;5
"2444";10;6
"2445";20;4
"2446";31;3
"2447";72;8
"2448";10;4
"2449";80;8
"2450";56;5
"2451";57;7
"2452";10;4
"2453";82;8
"2454";72;7
"2455";30;3
"2456";5;2
"2457";72;8
"2458";30;6
"2459";11;4
"2460";55;7
"2461";53;5
"2462";10;4
"2463";72;8
"2464";30;6
"2465";41;4
"2466";40;4
"2467";41;4
"2468";30;6
"2469";30;4
"2470";45;4
"2471";41;4
"2472";35;5
"2473";NA;10
"2474";5;2
"2475";10;4
"2476";10;4
"2477";55;7
"2478";80;7
"2479";80;7
"2480";46;4
"2481";55;7
"2482";80;5
"2483";32;5
"2484";48;5
"2485";82;8
"2486";10;4
"2487";72;7
"2488";40;3
"2489";10;4
"2490";55;7
"2491";56;7
"2492";49;4
"2493";92;5
"2494";72;4
"2495";32;4
"2496";5;2
"2497";30;6
"2498";57;7
"2499";48;5
"2500";57;7
"2501";10;4
"2502";30;3
"2503";30;3
"2504";34;5
"2505";10;6
"2506";10;4
"2507";57;5
"2508";40;4
"2509";10;6
"2510";72;7
"2511";72;5
"2512";40;4
"2513";41;4
"2514";30;3
"2515";10;4
"2516";49;5
"2517";30;4
"2518";92;4
"2519";48;4
"2520";55;7
"2521";30;6
"2522";82;8
"2523";30;6
"2524";55;7
"2525";30;6
"2526";72;8
"2527";33;8
"2528";31;3
"2529";46;4
"2530";72;5
"2531";41;4
"2532";48;5
"2533";57;7
"2534";72;5
"2535";57;7
"2536";41;4
"2537";81;6
"2538";3;1
"2539";46;4
"2540";72;7
"2541";5;2
"2542";72;8
"2543";60;5
"2544";30;6
"2545";99;NA
"2546";60;8
"2547";80;8
"2548";41;4
"2549";80;8
"2550";20;4
"2551";34;5
"2552";41;4
"2553";72;7
"2554";47;7
"2555";49;5
"2556";61;7
"2557";41;6
"2558";48;5
"2559";72;5
"2560";41;4
"2561";49;5
"2562";57;7
"2563";56;5
"2564";34;5
"2565";NA;10
"2566";5;2
"2567";72;4
"2568";41;4
"2569";55;7
"2570";53;7
"2571";32;4
"2572";41;4
"2573";72;5
"2574";11;4
"2575";53;7
"2576";41;4
"2577";34;5
"2578";30;6
"2579";41;4
"2580";55;7
"2581";10;4
"2582";46;4
"2583";41;4
"2584";49;5
"2585";10;4
"2586";10;4
"2587";45;3
"2588";20;4
"2589";72;5
"2590";53;7
"2591";10;6
"2592";10;4
"2593";82;7
"2594";72;8
"2595";41;4
"2596";72;4
"2597";30;3
"2598";5;1
"2599";34;3
"2600";55;7
"2601";72;7
"2602";NA;10
"2603";72;8
"2604";30;3
"2605";NA;10
"2606";72;7
"2607";NA;10
"2608";30;6
"2609";NA;10
"2610";NA;10
"2611";34;5
"2612";58;8
"2613";10;4
"2614";72;7
"2615";57;7
"2616";99;10
"2617";99;10
"2618";60;7
"2619";50;4
"2620";NA;10
"2621";55;7
"2622";20;6
"2623";99;9
"2624";NA;10
"2625";5;2
"2626";NA;10
"2627";48;5
"2628";10;4
"2629";5;2
"2630";50;3
"2631";30;3
"2632";10;4
"2633";53;8
"2634";60;7
"2635";36;5
"2636";10;4
"2637";82;7
"2638";41;4
"2639";99;10
"2640";30;6
"2641";99;NA
"2642";53;5
"2643";49;5
"2644";41;4
"2645";40;4
"2646";41;4
"2647";41;4
"2648";30;3
"2649";80;8
"2650";10;6
"2651";80;8
"2652";30;3
"2653";5;2
"2654";41;4
"2655";80;8
"2656";5;2
"2657";41;3
"2658";55;7
"2659";72;7
"2660";30;3
"2661";60;8
"2662";60;7
"2663";41;4
"2664";41;4
"2665";10;4
"2666";34;5
"2667";60;5
"2668";40;3
"2669";5;2
"2670";72;8
"2671";80;8
"2672";80;8
"2673";60;7
"2674";80;5
"2675";5;2
"2676";55;7
"2677";82;8
"2678";30;6
"2679";57;7
"2680";99;10
"2681";55;7
"2682";80;8
"2683";10;6
"2684";82;7
"2685";99;10
"2686";10;6
"2687";40;4
"2688";35;5
"2689";10;3
"2690";99;10
"2691";20;6
"2692";57;8
"2693";7;1
"2694";99;NA
"2695";55;7
"2696";34;5
"2697";56;5
"2698";99;10
"2699";46;6
"2700";5;2
"2701";45;4
"2702";45;4
"2703";56;7
"2704";20;4
"2705";72;8
"2706";30;6
"2707";58;8
"2708";53;5
"2709";30;3
"2710";33;8
"2711";72;5
"2712";52;6
"2713";72;5
"2714";41;4
"2715";41;4
"2716";58;7
"2717";10;4
"2718";41;4
"2719";10;4
"2720";41;4
"2721";5;2
"2722";34;3
"2723";34;5
"2724";55;7
"2725";41;4
"2726";48;5
"2727";40;4
"2728";56;7
"2729";10;4
"2730";41;4
"2731";11;3
"2732";72;5
"2733";10;4
"2734";10;4
"2735";56;5
"2736";34;5
"2737";41;4
"2738";40;4
"2739";41;4
"2740";41;4
"2741";10;6
"2742";56;7
"2743";99;NA
"2744";10;4
"2745";60;5
"2746";10;4
"2747";41;4
"2748";40;3
"2749";70;4
"2750";10;6
"2751";5;2
"2752";80;4
"2753";41;4
"2754";56;5
"2755";41;6
"2756";30;3
"2757";55;7
"2758";10;6
"2759";41;4
"2760";57;7
"2761";41;4
"2762";80;8
"2763";82;8
"2764";80;8
"2765";48;5
"2766";11;4
"2767";41;4
"2768";10;4
"2769";10;6
"2770";30;3
"2771";10;4
"2772";72;5
"2773";44;4
"2774";48;5
"2775";44;4
"2776";55;7
"2777";41;4
"2778";10;4
"2779";41;4
"2780";99;10
"2781";46;4
"2782";30;4
"2783";80;8
"2784";55;7
"2785";10;4
"2786";56;7
"2787";41;4
"2788";56;8
"2789";30;3
"2790";72;8
"2791";72;8
"2792";10;6
"2793";55;7
"2794";80;7
"2795";30;6
"2796";10;4
"2797";5;2
"2798";20;4
"2799";57;8
"2800";30;3
"2801";20;6
"2802";30;3
"2803";30;4
"2804";48;5
"2805";72;7
"2806";58;7
"2807";3;1
"2808";41;4
"2809";20;4
"2810";10;6
"2811";82;5
"2812";48;5
"2813";45;4
"2814";34;5
"2815";47;5
"2816";34;5
"2817";55;7
"2818";55;7
"2819";72;8
"2820";48;5
"2821";49;4
"2822";65;7
"2823";72;5
"2824";72;7
"2825";56;5
"2826";72;8
"2827";55;7
"2828";55;7
"2829";72;7
"2830";41;4
"2831";56;5
"2832";56;5
"2833";53;7
"2834";72;8
"2835";56;5
"2836";30;6
"2837";57;7
"2838";30;6
"2839";NA;9
"2840";30;4
"2841";80;8
"2842";40;4
"2843";80;8
"2844";80;8
"2845";NA;10
"2846";82;8
"2847";53;5
"2848";41;4
"2849";32;4
"2850";70;4
"2851";10;4
"2852";10;4
"2853";30;4
"2854";10;4
"2855";10;4
"2856";72;5
"2857";44;4
"2858";41;6
"2859";36;7
"2860";34;7
"2861";55;7
"2862";72;7
"2863";20;6
"2864";57;7
"2865";10;4
"2866";NA;10
"2867";54;4
"2868";72;5
"2869";10;4
"2870";30;3
"2871";40;6
"2872";10;4
"2873";32;6
"2874";91;4
"2875";51;7
"2876";92;5
"2877";48;5
"2878";72;8
"2879";40;4
"2880";41;4
"2881";10;4
"2882";72;7
"2883";72;7
"2884";56;7
"2885";92;3
"2886";36;5
"2887";30;6
"2888";53;5
"2889";72;7
"2890";NA;9
"2891";80;7
"2892";48;5
"2893";10;4
"2894";56;7
"2895";57;8
"2896";30;3
"2897";53;7
"2898";55;7
"2899";20;3
"2900";55;7
"2901";55;7
"2902";72;5
"2903";72;7
"2904";30;6
"2905";55;7
"2906";99;10
"2907";56;5
"2908";72;8
"2909";5;2
"2910";10;4
"2911";53;5
"2912";NA;9
"2913";30;4
"2914";20;6
"2915";55;7
"2916";30;3
"2917";56;5
"2918";82;5
"2919";53;8
"2920";56;7
"2921";40;4
"2922";72;8
"2923";72;5
"2924";80;5
"2925";41;6
"2926";56;5
"2927";80;5
"2928";41;4
"2929";56;7
"2930";34;5
"2931";30;6
"2932";55;7
"2933";72;7
"2934";57;7
"2935";10;4
"2936";10;4
"2937";10;4
"2938";33;8
"2939";10;4
"2940";6;1
"2941";58;8
"2942";41;4
"2943";10;4
"2944";41;4
"2945";30;3
"2946";41;4
"2947";40;4
"2948";41;4
"2949";81;4
"2950";10;4
"2951";41;3
"2952";10;4
"2953";41;4
"2954";53;5
"2955";6;1
"2956";99;10
"2957";41;4
"2958";99;10
"2959";41;6
"2960";40;4
"2961";41;4
"2962";41;4
"2963";56;7
"2964";55;7
"2965";41;4
"2966";33;8
"2967";30;6
"2968";30;6
"2969";40;4
"2970";31;4
"2971";30;4
"2972";58;8
"2973";10;4
"2974";10;6
"2975";30;3
"2976";10;4
"2977";11;3
"2978";10;4
"2979";57;8
"2980";72;5
"2981";99;10
"2982";41;4
"2983";10;4
"2984";53;3
"2985";72;8
"2986";58;5
"2987";30;4
"2988";40;4
"2989";92;7
"2990";40;3
"2991";34;5
"2992";34;5
"2993";72;7
"2994";72;3
"2995";32;8
"2996";30;6
"2997";32;4
"2998";20;4
"2999";42;4
"3000";50;3
"3001";41;4
"3002";41;4
"3003";5;2
"3004";34;5
"3005";40;4
"3006";56;5
"3007";34;3
"3008";60;5
"3009";82;8
"3010";30;3
"3011";80;8
"3012";80;8
"3013";80;8
"3014";34;5
"3015";99;10
"3016";30;4
"3017";72;5
"3018";34;3
"3019";60;5
"3020";47;7
"3021";10;4
"3022";40;4
"3023";30;6
"3024";30;6
"3025";40;4
"3026";30;3
"3027";55;7
"3028";80;8
"3029";40;4
"3030";41;4
"3031";32;4
"3032";34;5
"3033";32;5
"3034";80;4
"3035";20;4
"3036";53;8
"3037";80;3
"3038";20;4
"3039";80;5
"3040";30;4
"3041";72;5
"3042";20;3
"3043";55;7
"3044";55;7
"3045";10;4
"3046";55;7
"3047";46;4
"3048";55;7
"3049";NA;10
"3050";30;4
"3051";41;4
"3052";80;5
"3053";72;8
"3054";20;6
"3055";34;5
"3056";70;7
"3057";10;4
"3058";30;3
"3059";5;2
"3060";56;5
"3061";5;2
"3062";47;7
"3063";34;7
"3064";99;10
"3065";72;8
"3066";30;6
"3067";20;4
"3068";45;4
"3069";41;4
"3070";80;5
"3071";50;4
"3072";53;7
"3073";34;5
"3074";42;4
"3075";11;3
"3076";34;5
"3077";55;7
"3078";30;6
"3079";30;6
"3080";70;5
"3081";35;5
"3082";36;5
"3083";41;4
"3084";NA;10
"3085";72;8
"3086";72;8
"3087";80;5
"3088";60;7
"3089";10;4
"3090";72;5
"3091";80;3
"3092";80;5
"3093";34;5
"3094";34;3
"3095";60;8
"3096";82;8
"3097";72;8
"3098";99;10
"3099";58;4
"3100";57;8
"3101";72;8
"3102";30;3
"3103";3;1
"3104";30;3
"3105";80;5
"3106";55;7
"3107";50;3
"3108";34;3
"3109";30;6
"3110";6;1
"3111";34;3
"3112";30;3
"3113";57;8
"3114";41;4
"3115";41;4
"3116";10;4
"3117";3;1
"3118";41;6
"3119";41;4
"3120";60;8
"3121";11;6
"3122";41;4
"3123";30;4
"3124";40;4
"3125";53;5
"3126";10;6
"3127";1;1
"3128";20;4
"3129";11;4
"3130";41;6
"3131";41;6
"3132";41;4
"3133";53;7
"3134";46;4
"3135";41;4
"3136";40;4
"3137";40;4
"3138";40;4
"3139";41;4
"3140";40;4
"3141";41;6
"3142";41;4
"3143";40;3
"3144";42;4
"3145";50;3
"3146";47;5
"3147";10;4
"3148";56;5
"3149";43;4
"3150";7;1
"3151";3;1
"3152";40;4
"3153";43;4
"3154";40;6
"3155";41;4
"3156";45;4
"3157";34;7
"3158";41;4
"3159";80;8
"3160";55;7
"3161";55;7
"3162";46;4
"3163";41;4
"3164";80;8
"3165";46;4
"3166";34;5
"3167";41;4
"3168";48;5
"3169";1;1
"3170";57;7
"3171";56;5
"3172";20;3
"3173";81;4
"3174";44;3
"3175";NA;9
"3176";32;7
"3177";58;3
"3178";55;7
"3179";80;7
"3180";20;6
"3181";99;10
"3182";53;8
"3183";82;8
"3184";34;7
"3185";47;5
"3186";72;5
"3187";41;4
"3188";72;4
"3189";82;8
"3190";10;6
"3191";80;7
"3192";55;7
"3193";30;3
"3194";91;4
"3195";6;1
"3196";10;4
"3197";41;4
"3198";91;4
"3199";42;4
"3200";41;3
"3201";41;4
"3202";10;4
"3203";41;4
"3204";80;5
"3205";10;4
"3206";10;4
"3207";56;5
"3208";82;5
"3209";34;7
"3210";30;3
"3211";41;4
"3212";72;5
"3213";3;1
"3214";41;4
"3215";41;4
"3216";20;3
"3217";60;8
"3218";34;5
"3219";90;3
"3220";34;5
"3221";41;4
"3222";80;8
"3223";72;5
"3224";80;5
"3225";60;5
"3226";31;3
"3227";10;4
"3228";80;5
"3229";80;5
"3230";72;8
"3231";5;2
"3232";41;4
"3233";60;5
"3234";80;6
"3235";41;4
"3236";80;5
"3237";80;5
"3238";5;2
"3239";61;5
"3240";56;5
"3241";20;4
"3242";40;4
"3243";80;5
"3244";34;7
"3245";46;4
"3246";60;8
"3247";58;8
"3248";41;4
"3249";56;5
"3250";80;5
"3251";72;8
"3252";99;10
"3253";72;5
"3254";30;4
"3255";80;5
"3256";48;5
"3257";41;4
"3258";41;4
"3259";72;8
"3260";41;4
"3261";80;5
"3262";72;8
"3263";99;10
"3264";56;5
"3265";58;7
"3266";80;5
"3267";56;5
"3268";61;7
"3269";80;5
"3270";72;5
"3271";80;5
"3272";41;6
"3273";82;8
"3274";81;3
"3275";56;5
"3276";56;5
"3277";80;5
"3278";58;8
"3279";82;7
"3280";33;8
"3281";56;5
"3282";82;8
"3283";30;3
"3284";72;5
"3285";34;3
"3286";NA;9
"3287";55;7
"3288";55;7
"3289";41;4
"3290";56;5
"3291";55;7
"3292";20;4
"3293";80;8
"3294";80;5
"3295";48;5
"3296";46;4
"3297";11;4
"3298";40;4
"3299";53;7
"3300";33;8
"3301";82;3
"3302";55;7
"3303";10;4
"3304";72;7
"3305";72;7
"3306";80;7
"3307";72;7
"3308";72;8
"3309";72;8
"3310";10;4
"3311";20;4
"3312";49;5
"3313";20;6
"3314";72;8
"3315";72;8
"3316";34;7
"3317";55;7
"3318";80;7
"3319";34;7
"3320";41;4
"3321";46;4
"3322";41;4
"3323";72;3
"3324";72;5
"3325";34;3
"3326";46;4
"3327";55;7
"3328";NA;10
"3329";32;4
"3330";56;7
"3331";40;6
"3332";40;4
"3333";40;4
"3334";40;4
"3335";99;10
"3336";47;5
"3337";57;7
"3338";30;6
"3339";40;6
"3340";72;7
"3341";34;5
"3342";53;5
"3343";41;4
"3344";80;8
"3345";72;8
"3346";30;3
"3347";30;4
"3348";57;8
"3349";41;4
"3350";41;4
"3351";34;5
"3352";58;8
"3353";35;4
"3354";80;8
"3355";10;3
"3356";48;4
"3357";34;5
"3358";45;3
"3359";48;5
"3360";10;4
"3361";72;8
"3362";30;4
"3363";32;4
"3364";92;5
"3365";34;5
"3366";48;5
"3367";53;7
"3368";10;4
"3369";34;5
"3370";34;5
"3371";40;4
"3372";40;4
"3373";40;4
"3374";40;4
"3375";40;4
"3376";40;4
"3377";55;7
"3378";49;5
"3379";57;8
"3380";47;5
"3381";55;7
"3382";30;4
"3383";30;4
"3384";56;5
"3385";53;5
"3386";10;4
"3387";46;4
"3388";41;4
"3389";72;5
"3390";NA;10
"3391";NA;10
"3392";48;5
"3393";10;6
"3394";34;3
"3395";10;4
"3396";34;5
"3397";NA;10
"3398";99;10
"3399";80;5
"3400";72;8
"3401";72;8
"3402";34;5
"3403";72;5
"3404";72;7
"3405";55;7
"3406";34;7
"3407";40;4
"3408";6;1
"3409";34;5
"3410";53;5
"3411";48;5
"3412";72;4
"3413";82;5
"3414";40;4
"3415";72;3
"3416";20;4
"3417";99;10
"3418";10;4
"3419";48;5
"3420";NA;10
"3421";10;4
"3422";72;7
"3423";72;8
"3424";80;7
"3425";72;8
"3426";48;5
"3427";34;5
"3428";48;5
"3429";70;5
"3430";20;4
"3431";55;7
"3432";30;3
"3433";57;7
"3434";72;8
"3435";72;8
"3436";58;8
"3437";72;7
"3438";10;6
"3439";80;7
"3440";99;10
"3441";56;5
"3442";NA;9
"3443";72;5
"3444";72;5
"3445";NA;10
"3446";46;4
"3447";48;5
"3448";57;7
"3449";57;7
"3450";56;5
"3451";33;8
"3452";57;7
"3453";72;5
"3454";41;4
"3455";72;5
"3456";54;6
"3457";82;8
"3458";55;7
"3459";36;7
"3460";72;8
"3461";55;7
"3462";33;8
"3463";47;7
"3464";55;7
"3465";53;7
"3466";NA;10
"3467";72;5
"3468";58;7
"3469";11;4
"3470";72;5
"3471";49;5
"3472";40;4
"3473";30;3
"3474";57;8
"3475";30;6
"3476";48;5
"3477";30;3
"3478";55;7
"3479";80;5
"3480";99;10
"3481";36;5
"3482";48;5
"3483";40;4
"3484";41;4
"3485";72;7
"3486";72;7
"3487";57;7
"3488";55;7
"3489";55;7
"3490";72;5
"3491";72;8
"3492";41;4
"3493";41;4
"3494";30;4
"3495";72;8
"3496";34;3
"3497";61;7
"3498";30;6
"3499";72;5
"3500";5;2
"3501";82;5
"3502";34;3
"3503";30;3
"3504";34;5
"3505";56;5
"3506";41;4
"3507";41;4
"3508";48;5
"3509";34;3
"3510";34;3
"3511";55;7
"3512";41;4
"3513";72;3
"3514";5;2
"3515";5;2
"3516";56;5
"3517";72;7
"3518";30;4
"3519";55;7
"3520";33;8
"3521";5;2
"3522";57;7
"3523";6;1
"3524";55;7
"3525";30;3
"3526";1;1
"3527";30;6
"3528";6;1
"3529";80;5
"3530";72;5
"3531";48;5
"3532";11;4
"3533";47;7
"3534";10;4
"3535";72;5
"3536";90;5
"3537";80;5
"3538";5;2
"3539";90;5
"3540";80;5
"3541";34;7
"3542";47;5
"3543";54;4
"3544";30;6
"3545";72;5
"3546";40;4
"3547";NA;9
"3548";33;8
"3549";49;5
"3550";82;8
"3551";72;8
"3552";56;5
"3553";80;5
"3554";56;5
"3555";56;7
"3556";72;7
"3557";72;8
"3558";10;4
"3559";40;4
"3560";40;4
"3561";34;5
"3562";57;7
"3563";5;2
"3564";56;5
"3565";55;7
"3566";82;8
"3567";5;2
"3568";41;4
"3569";57;7
"3570";10;4
"3571";34;5
"3572";56;5
"3573";60;5
"3574";72;5
"3575";7;1
"3576";56;5
"3577";72;4
"3578";34;5
"3579";40;3
"3580";32;6
"3581";11;3
"3582";80;5
"3583";5;2
"3584";72;5
"3585";41;4
"3586";30;4
"3587";57;7
"3588";72;8
"3589";41;4
"3590";6;1
"3591";6;1
"3592";91;3
"3593";10;4
"3594";5;2
"3595";58;7
"3596";10;6
"3597";55;7
"3598";34;5
"3599";42;4
"3600";80;7
"3601";57;7
"3602";50;6
"3603";72;8
"3604";34;7
"3605";30;6
"3606";40;4
"3607";56;5
"3608";40;4
"3609";72;3
"3610";41;4
"3611";40;6
"3612";40;3
"3613";10;4
"3614";81;3
"3615";7;1
"3616";30;4
"3617";80;8
"3618";20;4
"3619";72;6
"3620";40;4
"3621";5;2
"3622";82;5
"3623";72;8
"3624";70;4
"3625";57;7
"3626";42;4
"3627";56;7
"3628";34;5
"3629";41;3
"3630";30;6
"3631";41;4
"3632";10;4
"3633";NA;10
"3634";10;4
"3635";61;7
"3636";34;5
"3637";10;4
"3638";6;1
"3639";55;7
"3640";62;5
"3641";80;8
"3642";53;8
"3643";10;4
"3644";30;4
"3645";49;5
"3646";80;5
"3647";72;8
"3648";53;7
"3649";41;4
"3650";53;5
"3651";32;6
"3652";10;4
"3653";82;7
"3654";41;4
"3655";10;4
"3656";30;3
"3657";5;2
"3658";41;4
"3659";20;4
"3660";53;5
"3661";10;4
"3662";20;4
"3663";32;4
"3664";57;8
"3665";10;4
"3666";41;4
"3667";34;5
"3668";10;4
"3669";90;5
"3670";63;8
"3671";40;3
"3672";41;4
"3673";32;4
"3674";40;4
"3675";10;4
"3676";41;4
"3677";45;6
"3678";20;4
"3679";80;5
"3680";56;7
"3681";30;4
"3682";56;7
"3683";34;7
"3684";41;3
"3685";10;4
"3686";72;8
"3687";30;3
"3688";30;6
"3689";35;4
"3690";53;8
"3691";40;3
"3692";72;8
"3693";43;4
"3694";30;3
"3695";40;4
"3696";80;4
"3697";71;4
"3698";49;5
"3699";NA;10
"3700";58;3
"3701";32;4
"3702";55;7
"3703";53;7
"3704";40;4
"3705";10;4
"3706";20;6
"3707";20;6
"3708";5;1
"3709";53;5
"3710";30;3
"3711";82;8
"3712";80;7
"3713";50;3
"3714";5;2
"3715";53;5
"3716";53;5
"3717";53;5
"3718";30;3
"3719";57;7
"3720";58;8
"3721";32;8
"3722";30;3
"3723";6;1
"3724";34;5
"3725";41;4
"3726";46;4
"3727";46;4
"3728";57;7
"3729";34;5
"3730";20;4
"3731";41;4
"3732";10;4
"3733";72;5
"3734";41;4
"3735";20;6
"3736";53;5
"3737";50;3
"3738";57;7
"3739";30;3
"3740";46;4
"3741";10;4
"3742";6;1
"3743";40;6
"3744";20;4
"3745";10;6
"3746";20;6
"3747";6;1
"3748";7;1
"3749";20;6
"3750";56;7
"3751";56;7
"3752";10;4
"3753";5;2
"3754";20;4
"3755";41;4
"3756";44;6
"3757";10;6
"3758";41;4
"3759";56;8
"3760";7;1
"3761";53;8
"3762";20;4
"3763";30;3
"3764";56;5
"3765";72;8
"3766";55;7
"3767";42;4
"3768";34;5
"3769";41;4
"3770";5;1
"3771";5;2
"3772";56;5
"3773";72;8
"3774";10;4
"3775";54;5
"3776";NA;10
"3777";30;6
"3778";62;3
"3779";41;4
"3780";30;6
"3781";48;5
"3782";42;4
"3783";30;6
"3784";53;5
"3785";34;5
"3786";54;3
"3787";41;4
"3788";55;7
"3789";56;5
"3790";7;1
"3791";57;7
"3792";41;4
"3793";90;5
"3794";60;5
"3795";10;4
"3796";70;5
"3797";10;4
"3798";41;4
"3799";60;5
"3800";34;7
"3801";30;3
"3802";80;8
"3803";82;5
"3804";30;6
"3805";10;6
"3806";80;7
"3807";41;4
"3808";70;5
"3809";72;5
"3810";72;5
"3811";5;2
"3812";5;2
"3813";70;5
"3814";20;3
"3815";60;5
"3816";41;4
"3817";53;5
"3818";30;6
"3819";70;5
"3820";99;10
"3821";6;1
"3822";10;6
"3823";57;7
"3824";80;5
"3825";41;4
"3826";81;4
"3827";10;3
"3828";99;10
"3829";6;1
"3830";10;4
"3831";6;1
"3832";10;4
"3833";72;8
"3834";55;7
"3835";55;7
"3836";55;7
"3837";57;8
"3838";72;5
"3839";55;7
"3840";70;5
"3841";55;7
"3842";34;5
"3843";5;2
"3844";60;8
"3845";56;5
"3846";41;4
"3847";80;8
"3848";72;7
"3849";44;3
"3850";34;7
"3851";55;7
"3852";41;6
"3853";41;4
"3854";30;3
"3855";34;5
"3856";53;7
"3857";41;4
"3858";72;3
"3859";30;4
"3860";99;NA
"3861";34;3
"3862";5;2
"3863";80;7
"3864";30;6
"3865";10;4
"3866";55;7
"3867";80;5
"3868";56;5
"3869";41;4
"3870";41;4
"3871";99;NA
"3872";54;4
"3873";52;6
"3874";53;5
"3875";55;7
"3876";46;4
"3877";10;4
"3878";20;4
"3879";99;10
"3880";92;5
"3881";10;4
"3882";10;4
"3883";10;4
"3884";41;4
"3885";40;6
"3886";40;3
"3887";47;7
"3888";41;4
"3889";10;4
"3890";41;4
"3891";7;1
"3892";41;6
"3893";80;8
"3894";55;7
"3895";10;4
"3896";10;6
"3897";55;7
"3898";99;NA
"3899";6;1
"3900";40;4
"3901";10;4
"3902";41;4
"3903";NA;10
"3904";20;4
"3905";41;4
"3906";41;4
"3907";5;2
"3908";20;3
"3909";60;7
"3910";11;4
"3911";30;3
"3912";41;4
"3913";48;5
"3914";81;3
"3915";30;4
"3916";80;8
"3917";70;5
"3918";41;4
"3919";82;8
"3920";31;3
"3921";10;4
"3922";57;8
"3923";32;7
"3924";35;4
"3925";30;6
"3926";41;4
"3927";30;6
"3928";41;4
"3929";55;7
"3930";10;4
"3931";53;7
"3932";41;3
"3933";36;5
"3934";92;5
"3935";56;5
"3936";41;4
"3937";72;4
"3938";30;6
"3939";31;4
"3940";53;5
"3941";30;4
"3942";41;4
"3943";40;4
"3944";30;3
"3945";55;7
"3946";99;10
"3947";80;8
"3948";33;8
"3949";53;7
"3950";36;7
"3951";41;4
"3952";10;4
"3953";56;5
"3954";46;4
"3955";41;3
"3956";72;8
"3957";41;6
"3958";41;4
"3959";41;4
"3960";7;1
"3961";10;4
"3962";36;5
"3963";10;4
"3964";30;3
"3965";30;6
"3966";10;4
"3967";80;8
"3968";40;3
"3969";11;4
"3970";10;4
"3971";41;4
"3972";99;NA
"3973";41;4
"3974";56;7
"3975";82;7
"3976";36;5
"3977";60;7
"3978";80;8
"3979";57;7
"3980";NA;10
"3981";60;7
"3982";56;5
"3983";48;5
"3984";80;8
"3985";41;4
"3986";30;4
"3987";56;7
"3988";10;4
"3989";80;3
"3990";72;7
"3991";60;8
"3992";36;5
"3993";20;4
"3994";10;4
"3995";72;7
"3996";36;5
"3997";41;4
"3998";47;4
"3999";48;5
"4000";71;5
"4001";34;7
"4002";49;5
"4003";72;5
"4004";49;5
"4005";3;1
"4006";20;4
"4007";11;4
"4008";10;4
"4009";80;5
"4010";10;4
"4011";10;4
"4012";99;10
"4013";53;5
"4014";48;5
"4015";5;2
"4016";6;1
"4017";41;4
"4018";72;7
"4019";82;7
"4020";72;5
"4021";41;3
"4022";53;7
"4023";80;7
"4024";30;6
"4025";NA;10
"4026";72;7
"4027";41;4
"4028";6;1
"4029";60;5
"4030";NA;NA
"4031";80;8
"4032";30;3
"4033";46;4
"4034";10;4
"4035";55;7
"4036";40;6
"4037";10;6
"4038";41;4
"4039";10;4
"4040";10;4
"4041";72;4
"4042";81;3
"4043";10;4
"4044";41;4
"4045";80;8
"4046";30;3
"4047";48;5
"4048";30;6
"4049";41;4
"4050";46;4
"4051";80;4
"4052";80;8
"4053";41;4
"4054";41;4
"4055";40;4
"4056";82;8
"4057";41;4
"4058";80;5
"4059";10;4
"4060";80;8
"4061";40;4
"4062";60;8
"4063";57;7
"4064";80;5
"4065";56;7
"4066";55;7
"4067";40;4
"4068";41;4
"4069";40;3
"4070";10;4
"4071";5;2
"4072";31;6
"4073";72;7
"4074";55;7
"4075";NA;9
"4076";72;5
"4077";80;7
"4078";48;5
"4079";72;7
"4080";72;5
"4081";48;5
"4082";47;3
"4083";5;2
"4084";10;6
"4085";41;4
"4086";30;3
"4087";44;5
"4088";30;6
"4089";72;7
"4090";55;7
"4091";58;7
"4092";55;7
"4093";82;7
"4094";30;4
"4095";5;2
"4096";34;5
"4097";40;3
"4098";30;3
"4099";41;4
"4100";80;4
"4101";10;4
"4102";41;4
"4103";82;3
"4104";47;5
"4105";82;8
"4106";72;8
"4107";80;7
"4108";36;5
"4109";34;3
"4110";48;5
"4111";34;3
"4112";40;4
"4113";82;5
"4114";44;4
"4115";36;5
"4116";30;3
"4117";80;8
"4118";58;5
"4119";72;8
"4120";40;6
"4121";30;4
"4122";10;4
"4123";30;4
"4124";10;4
"4125";10;6
"4126";41;4
"4127";41;4
"4128";72;5
"4129";10;4
"4130";56;5
"4131";58;8
"4132";80;8
"4133";34;5
"4134";80;8
"4135";41;4
"4136";30;3
"4137";41;4
"4138";60;7
"4139";10;4
"4140";72;5
"4141";72;8
"4142";60;5
"4143";60;5
"4144";82;5
"4145";10;4
"4146";30;3
"4147";82;7
"4148";57;8
"4149";48;5
"4150";56;5
"4151";34;5
"4152";40;4
"4153";56;7
"4154";49;5
"4155";40;4
"4156";40;4
"4157";80;8
"4158";34;5
"4159";57;7
"4160";56;5
"4161";72;8
"4162";34;5
"4163";41;4
"4164";72;8
"4165";72;8
"4166";80;8
"4167";72;5
"4168";36;5
"4169";72;5
"4170";60;5
"4171";72;5
"4172";70;4
"4173";82;8
"4174";31;3
"4175";60;5
"4176";55;7
"4177";72;4
"4178";72;5
"4179";72;5
"4180";80;4
"4181";10;4
"4182";80;5
"4183";53;5
"4184";80;5
"4185";41;4
"4186";55;7
"4187";34;5
"4188";10;4
"4189";72;5
"4190";30;6
"4191";10;4
"4192";NA;10
"4193";53;5
"4194";41;4
"4195";41;4
"4196";40;4
"4197";34;5
"4198";57;7
"4199";NA;10
"4200";56;5
"4201";55;7
"4202";41;3
"4203";60;5
"4204";10;4
"4205";50;3
"4206";30;4
"4207";5;2
"4208";82;8
"4209";57;7
"4210";41;4
"4211";41;4
"4212";48;4
"4213";80;8
"4214";55;7
"4215";34;3
"4216";80;5
"4217";10;4
"4218";41;4
"4219";46;4
"4220";72;5
"4221";56;5
"4222";34;5
"4223";5;2
"4224";72;5
"4225";41;4
"4226";3;1
"4227";10;4
"4228";41;4
"4229";82;7
"4230";99;10
"4231";82;7
"4232";55;7
"4233";82;5
"4234";55;7
"4235";56;7
"4236";56;5
"4237";80;5
"4238";10;6
"4239";41;4
"4240";72;8
"4241";41;4
"4242";30;4
"4243";30;6
"4244";53;5
"4245";20;4
"4246";30;4
"4247";34;5
"4248";36;5
"4249";34;5
"4250";34;5
"4251";45;6
"4252";72;5
"4253";72;7
"4254";41;4
"4255";53;7
"4256";30;6
"4257";55;7
"4258";41;6
"4259";92;7
"4260";70;4
"4261";30;3
"4262";20;6
"4263";41;4
"4264";34;3
"4265";30;6
"4266";34;3
"4267";20;4
"4268";55;7
"4269";47;5
"4270";40;4
"4271";10;4
"4272";80;5
"4273";80;5
"4274";57;8
"4275";20;3
"4276";53;8
"4277";80;7
"4278";80;5
"4279";48;5
"4280";10;4
"4281";44;3
"4282";10;4
"4283";72;8
"4284";10;4
"4285";60;5
"4286";30;4
"4287";40;4
"4288";40;3
"4289";58;5
"4290";10;4
"4291";55;7
"4292";20;6
"4293";41;4
"4294";72;8
"4295";72;7
"4296";55;7
"4297";60;5
"4298";60;7
"4299";41;4
"4300";30;3
"4301";30;4
"4302";71;3
"4303";41;6
"4304";55;7
"4305";30;3
"4306";41;4
"4307";41;4
"4308";41;4
"4309";55;7
"4310";20;4
"4311";40;4
"4312";56;5
"4313";30;3
"4314";57;8
"4315";47;5
"4316";10;4
"4317";41;4
"4318";41;4
"4319";10;6
"4320";10;4
"4321";41;4
"4322";72;3
"4323";20;4
"4324";30;4
"4325";71;4
"4326";72;5
"4327";41;4
"4328";30;6
"4329";99;10
"4330";10;4
"4331";30;6
"4332";30;6
"4333";5;2
"4334";41;4
"4335";10;4
"4336";30;6
"4337";72;8
"4338";30;3
"4339";72;5
"4340";10;4
"4341";41;3
"4342";71;3
"4343";80;8
"4344";62;7
"4345";50;4
"4346";10;4
"4347";41;4
"4348";10;4
"4349";47;7
"4350";10;4
"4351";40;4
"4352";34;5
"4353";41;4
"4354";10;4
"4355";41;3
"4356";30;3
"4357";3;1
"4358";30;6
"4359";58;3
"4360";72;5
"4361";72;4
"4362";30;3
"4363";20;4
"4364";30;6
"4365";31;4
"4366";81;3
"4367";5;2
"4368";41;4
"4369";41;4
"4370";41;4
"4371";47;5
"4372";10;4
"4373";10;4
"4374";41;4
"4375";41;4
"4376";11;3
"4377";80;3
"4378";41;4
"4379";30;4
"4380";41;3
"4381";30;4
"4382";44;4
"4383";40;6
"4384";40;4
"4385";53;5
"4386";10;4
"4387";41;4
"4388";41;4
"4389";41;4
"4390";10;4
"4391";31;4
"4392";10;6
"4393";72;5
"4394";41;4
"4395";41;4
"4396";30;3
"4397";70;7
"4398";70;5
"4399";3;1
"4400";34;5
"4401";10;4
"4402";30;3
"4403";70;5
"4404";80;5
"4405";40;4
"4406";41;3
"4407";40;4
"4408";56;5
"4409";47;7
"4410";41;6
"4411";41;4
"4412";82;8
"4413";80;5
"4414";41;4
"4415";10;4
"4416";10;4
"4417";41;4
"4418";56;5
"4419";53;8
"4420";55;7
"4421";72;5
"4422";99;10
"4423";80;7
"4424";70;5
"4425";34;5
"4426";41;4
"4427";72;8
"4428";99;10
"4429";40;3
"4430";70;4
"4431";34;5
"4432";56;5
"4433";72;7
"4434";10;4
"4435";49;5
"4436";41;3
"4437";10;4
"4438";10;6
"4439";41;4
"4440";20;4
"4441";72;8
"4442";72;5
"4443";41;4
"4444";20;4
"4445";92;5
"4446";53;8
"4447";41;4
"4448";10;4
"4449";49;5
"4450";48;4
"4451";58;8
"4452";80;6
"4453";34;5
"4454";10;4
"4455";45;4
"4456";41;4
"4457";10;4
"4458";56;5
"4459";36;5
"4460";10;4
"4461";41;4
"4462";56;7
"4463";72;7
"4464";41;4
"4465";53;5
"4466";20;4
"4467";31;6
"4468";47;5
"4469";72;8
"4470";30;6
"4471";53;7
"4472";10;4
"4473";30;3
"4474";56;7
"4475";47;5
"4476";35;4
"4477";34;5
"4478";70;5
"4479";20;4
"4480";10;4
"4481";40;4
"4482";30;4
"4483";34;5
"4484";33;8
"4485";45;3
"4486";34;3
"4487";5;2
"4488";55;7
"4489";41;4
"4490";72;8
"4491";41;4
"4492";5;2
"4493";72;4
"4494";6;1
"4495";34;5
"4496";41;4
"4497";10;4
"4498";55;7
"4499";30;6
"4500";32;5
"4501";80;5
"4502";56;5
"4503";40;4
"4504";10;4
"4505";72;8
"4506";5;2
"4507";57;5
"4508";10;4
"4509";20;4
"4510";80;5
"4511";10;4
"4512";3;1
"4513";58;7
"4514";6;1
"4515";56;5
"4516";30;6
"4517";30;3
"4518";41;4
"4519";6;1
"4520";20;4
"4521";41;4
"4522";81;4
"4523";80;5
"4524";60;5
"4525";80;7
"4526";34;7
"4527";60;4
"4528";56;7
"4529";30;6
"4530";92;5
"4531";10;4
"4532";51;7
"4533";53;5
"4534";33;8
"4535";48;5
"4536";56;5
"4537";30;4
"4538";10;4
"4539";41;4
"4540";56;5
"4541";6;1
"4542";10;4
"4543";30;6
"4544";10;6
"4545";71;5
"4546";36;5
"4547";20;6
"4548";72;4
"4549";58;7
"4550";5;2
"4551";30;4
"4552";40;4
"4553";NA;10
"4554";40;3
"4555";11;3
"4556";44;4
"4557";80;5
"4558";34;3
"4559";10;4
"4560";30;6
"4561";5;2
"4562";5;2
"4563";NA;9
"4564";55;7
"4565";53;7
"4566";56;5
"4567";34;5
"4568";72;8
"4569";72;8
"4570";72;7
"4571";57;8
"4572";5;2
"4573";92;7
"4574";36;5
"4575";41;6
"4576";40;4
"4577";30;3
"4578";32;4
"4579";32;4
"4580";55;7
"4581";10;4
"4582";82;7
"4583";10;6
"4584";53;7
"4585";10;4
"4586";41;6
"4587";53;5
"4588";30;6
"4589";41;4
"4590";80;8
"4591";55;7
"4592";55;7
"4593";56;5
"4594";72;5
"4595";55;7
"4596";56;5
"4597";80;5
"4598";80;7
"4599";50;4
"4600";72;6
"4601";58;8
"4602";58;7
"4603";30;3
"4604";72;5
"4605";82;8
"4606";30;3
"4607";10;4
"4608";80;8
"4609";30;3
"4610";10;4
"4611";30;3
"4612";72;8
"4613";10;4
"4614";80;8
"4615";7;1
"4616";34;3
"4617";72;8
"4618";30;3
"4619";33;8
"4620";41;4
"4621";41;4
"4622";30;3
"4623";55;7
"4624";53;5
"4625";40;4
"4626";NA;10
"4627";41;3
"4628";11;3
"4629";40;3
"4630";40;4
"4631";6;1
"4632";20;4
"4633";72;7
"4634";72;5
"4635";72;7
"4636";32;8
"4637";56;5
"4638";41;4
"4639";82;5
"4640";80;5
"4641";57;8
"4642";40;4
"4643";72;7
"4644";80;5
"4645";55;7
"4646";55;7
"4647";55;7
"4648";57;7
"4649";30;6
"4650";20;4
"4651";55;7
"4652";57;7
"4653";99;9
"4654";82;7
"4655";5;2
"4656";81;3
"4657";80;5
"4658";5;2
"4659";34;3
"4660";46;6
"4661";32;5
"4662";NA;10
"4663";31;4
"4664";57;8
"4665";30;3
"4666";30;6
"4667";NA;NA
"4668";48;5
"4669";72;7
"4670";40;4
"4671";72;7
"4672";30;6
"4673";72;8
"4674";40;4
"4675";48;5
"4676";30;3
"4677";57;7
"4678";30;4
"4679";53;7
"4680";10;4
"4681";10;6
"4682";43;6
"4683";42;4
"4684";33;8
"4685";72;5
"4686";30;4
"4687";72;8
"4688";40;4
"4689";10;4
"4690";41;4
"4691";90;7
"4692";30;4
"4693";NA;10
"4694";72;8
"4695";NA;10
"4696";55;7
"4697";53;5
"4698";92;5
"4699";10;4
"4700";56;7
"4701";10;6
"4702";34;7
"4703";56;8
"4704";55;7
"4705";45;6
"4706";57;7
"4707";32;7
"4708";80;5
"4709";45;3
"4710";55;7
"4711";53;7
"4712";30;3
"4713";53;5
"4714";56;8
"4715";41;4
"4716";53;5
"4717";41;4
"4718";41;4
"4719";30;4
"4720";31;4
"4721";53;5
"4722";20;4
"4723";40;4
"4724";56;5
"4725";41;4
"4726";82;8
"4727";41;4
"4728";58;8
"4729";32;6
"4730";41;4
"4731";10;6
"4732";41;4
"4733";10;4
"4734";57;7
"4735";10;4
"4736";72;3
"4737";72;7
"4738";56;7
"4739";72;8
"4740";53;5
"4741";72;8
"4742";72;7
"4743";72;8
"4744";72;8
"4745";72;7
"4746";57;7
"4747";80;5
"4748";57;7
"4749";81;4
"4750";48;5
"4751";20;4
"4752";53;5
"4753";55;7
"4754";72;8
"4755";20;3
"4756";53;7
"4757";20;6
"4758";NA;9
"4759";80;7
"4760";56;7
"4761";49;5
"4762";46;6
"4763";30;4
"4764";48;5
"4765";NA;10
"4766";NA;10
"4767";55;7
"4768";30;6
"4769";55;7
"4770";47;5
"4771";40;4
"4772";53;5
"4773";57;5
"4774";72;8
"4775";34;7
"4776";30;4
"4777";36;5
"4778";NA;10
"4779";40;3
"4780";34;5
"4781";82;7
"4782";34;5
"4783";82;7
"4784";80;8
"4785";55;7
"4786";57;7
"4787";NA;10
"4788";30;6
"4789";34;3
"4790";57;5
"4791";48;5
"4792";57;8
"4793";72;8
"4794";72;8
"4795";55;7
"4796";NA;9
"4797";55;7
"4798";72;8
"4799";72;7
"4800";30;6
"4801";30;6
"4802";10;6
"4803";48;5
"4804";40;3
"4805";55;7
"4806";57;7
"4807";55;7
"4808";80;5
"4809";72;5
"4810";40;3
"4811";55;7
"4812";80;5
"4813";41;4
"4814";72;5
"4815";41;4
"4816";31;4
"4817";11;4
"4818";30;6
"4819";72;7
"4820";55;7
"4821";80;7
"4822";55;7
"4823";72;7
"4824";56;7
"4825";32;4
"4826";72;7
"4827";NA;10
"4828";72;5
"4829";32;6
"4830";57;7
"4831";10;4
"4832";82;8
"4833";10;4
"4834";72;8
"4835";72;7
"4836";NA;10
"4837";34;3
"4838";56;5
"4839";30;4
"4840";5;2
"4841";72;5
"4842";32;4
"4843";30;4
"4844";41;6
"4845";30;3
"4846";40;4
"4847";32;4
"4848";34;5
"4849";31;7
"4850";82;5
"4851";31;4
"4852";46;4
"4853";30;6
"4854";99;10
"4855";10;4
"4856";10;4
"4857";30;3
"4858";99;NA
"4859";72;8
"4860";31;3
"4861";46;4
"4862";40;3
"4863";82;8
"4864";56;5
"4865";99;10
"4866";57;7
"4867";72;5
"4868";55;7
"4869";90;5
"4870";40;6
"4871";41;4
"4872";41;3
"4873";34;5
"4874";57;8
"4875";30;6
"4876";5;2
"4877";44;5
"4878";10;6
"4879";72;8
"4880";45;4
"4881";72;5
"4882";72;8
"4883";41;4
"4884";30;6
"4885";30;6
"4886";20;4
"4887";82;8
"4888";50;3
"4889";30;3
"4890";30;3
"4891";10;4
"4892";47;5
"4893";41;4
"4894";40;4
"4895";72;5
"4896";40;4
"4897";40;4
"4898";10;4
"4899";41;4
"4900";20;4
"4901";6;1
"4902";5;2
"4903";10;4
"4904";20;4
"4905";10;4
"4906";10;4
"4907";53;5
"4908";32;8
"4909";10;6
"4910";41;4
"4911";53;5
"4912";33;8
"4913";40;4
"4914";72;5
"4915";34;5
"4916";48;5
"4917";80;5
"4918";82;8
"4919";99;9
"4920";41;4
"4921";72;5
"4922";55;7
"4923";34;5
"4924";48;5
"4925";30;3
"4926";41;4
"4927";10;4
"4928";57;7
"4929";5;2
"4930";10;4
"4931";30;6
"4932";30;3
"4933";10;4
"4934";82;8
"4935";53;7
"4936";32;4
"4937";48;5
"4938";5;2
"4939";36;5
"4940";72;5
"4941";40;4
"4942";34;5
"4943";72;5
"4944";72;5
"4945";10;4
"4946";81;4
"4947";55;7
"4948";30;4
"4949";80;7
"4950";32;6
"4951";10;4
"4952";47;3
"4953";72;7
"4954";34;7
"4955";80;8
"4956";5;2
"4957";80;8
"4958";55;7
"4959";90;5
"4960";20;4
"4961";10;6
"4962";41;4
"4963";30;6
"4964";41;3
"4965";55;7
"4966";41;4
"4967";80;5
"4968";30;3
"4969";71;4
"4970";72;6
"4971";40;3
"4972";10;4
"4973";30;3
"4974";72;5
"4975";34;5
"4976";72;5
"4977";40;4
"4978";40;4
"4979";36;5
"4980";72;4
"4981";55;7
"4982";11;4
"4983";10;4
"4984";53;5
"4985";99;10
"4986";10;4
"4987";40;4
"4988";41;4
"4989";48;7
"4990";41;4
"4991";10;4
"4992";10;4
"4993";80;8
"4994";99;NA
"4995";99;10
"4996";41;4
"4997";41;4
"4998";10;4
"4999";72;8
"5000";48;5
"5001";11;3
"5002";30;6
"5003";6;1
"5004";72;5
"5005";30;4
"5006";41;4
"5007";55;7
"5008";56;7
"5009";45;3
"5010";80;8
"5011";10;4
"5012";53;7
"5013";80;5
"5014";41;6
"5015";11;4
"5016";52;4
"5017";40;3
"5018";72;8
"5019";58;8
"5020";48;5
"5021";80;7
"5022";58;8
"5023";42;6
"5024";41;4
"5025";72;5
"5026";48;5
"5027";48;5
"5028";47;5
"5029";46;4
"5030";34;5
"5031";41;4
"5032";41;3
"5033";7;1
"5034";41;4
"5035";41;4
"5036";6;1
"5037";41;4
"5038";57;7
"5039";41;4
"5040";55;7
"5041";53;5
"5042";55;7
"5043";43;4
"5044";48;5
"5045";47;5
"5046";58;8
"5047";80;5
"5048";30;3
"5049";56;8
"5050";71;4
"5051";49;5
"5052";53;5
"5053";41;4
"5054";55;7
"5055";56;5
"5056";10;4
"5057";10;4
"5058";10;4
"5059";10;4
"5060";30;6
"5061";10;4
"5062";30;6
"5063";10;4
"5064";32;4
"5065";72;8
"5066";58;7
"5067";10;4
"5068";55;7
"5069";41;4
"5070";41;4
"5071";35;4
"5072";41;4
"5073";10;4
"5074";72;7
"5075";36;5
"5076";20;4
"5077";10;4
"5078";57;7
"5079";40;3
"5080";56;5
"5081";34;5
"5082";10;4
"5083";30;4
"5084";30;3
"5085";72;7
"5086";72;8
"5087";NA;9
"5088";34;5
"5089";72;8
"5090";56;5
"5091";34;5
"5092";40;4
"5093";82;3
"5094";55;7
"5095";10;6
"5096";48;5
"5097";80;4
"5098";34;5
"5099";53;5
"5100";41;4
"5101";50;3
"5102";56;5
"5103";30;6
"5104";10;4
"5105";80;5
"5106";72;5
"5107";49;5
"5108";10;4
"5109";48;5
"5110";56;5
"5111";70;5
"5112";30;3
"5113";NA;10
"5114";41;4
"5115";NA;9
"5116";10;4
"5117";80;5
"5118";53;5
"5119";80;5
"5120";82;8
"5121";72;7
"5122";10;6
"5123";34;5
"5124";20;4
"5125";72;8
"5126";36;5
"5127";34;5
"5128";30;4
"5129";80;5
"5130";80;5
"5131";46;4
"5132";41;4
"5133";20;6
"5134";10;4
"5135";10;4
"5136";72;5
"5137";41;4
"5138";56;5
"5139";72;5
"5140";10;4
"5141";10;3
"5142";35;4
"5143";41;4
"5144";30;6
"5145";53;5
"5146";10;4
"5147";36;5
"5148";72;8
"5149";5;2
"5150";72;7
"5151";30;4
"5152";80;7
"5153";46;4
"5154";46;4
"5155";10;6
"5156";10;6
"5157";5;2
"5158";7;2
"5159";52;4
"5160";10;4
"5161";80;4
"5162";10;4
"5163";34;3
"5164";43;3
"5165";34;7
"5166";41;4
"5167";6;1
"5168";30;3
"5169";20;6
"5170";48;7
"5171";30;6
"5172";54;6
"5173";41;4
"5174";41;4
"5175";43;3
"5176";11;4
"5177";10;4
"5178";20;4
"5179";60;3
"5180";72;4
"5181";10;4
"5182";40;6
"5183";20;4
"5184";10;4
"5185";41;3
"5186";53;7
"5187";56;5
"5188";41;4
"5189";40;4
"5190";41;4
"5191";54;3
"5192";41;4
"5193";82;8
"5194";10;6
"5195";10;4
"5196";30;4
"5197";30;6
"5198";45;6
"5199";40;4
"5200";30;3
"5201";20;4
"5202";53;5
"5203";10;4
"5204";10;4
"5205";20;4
"5206";53;5
"5207";44;4
"5208";41;6
"5209";92;5
"5210";41;4
"5211";72;8
"5212";10;4
"5213";53;7
"5214";40;4
"5215";40;4
"5216";10;4
"5217";10;4
"5218";10;4
"5219";10;4
"5220";10;4
"5221";80;5
"5222";10;3
"5223";47;5
"5224";30;4
"5225";30;4
"5226";80;5
"5227";40;6
"5228";30;3
"5229";57;7
"5230";80;5
"5231";56;7
"5232";20;4
"5233";34;5
"5234";41;4
"5235";40;4
"5236";5;2
"5237";72;5
"5238";31;4
"5239";41;4
